key,name,gender,birthdate,deathdate,description
Q100153927,김해연,f,19890309,,"South Korean singer, the sister of Taeyeon (of Girls' Generation)"
Q102036472,"child, name unknown",,19870926,,Kim Yo-jong's second child
Q102176031,Ki-hang Kim,m,19860831,20090115,Korean-American mathematician (1936-2009)
Q102225741,홍진,m,19440101,,Ph.D. Seoul National University 2000
Q102267466,조상연,m,19560620,,일본의 바둑 기사
Q102344573,이용훈,m,19810830,,"카이스트 교수, 유니스트 총장"
Q102358017,위봉,m,19260113,,Ph.D. Stanford University 1981
Q102438283,이승원,m,19760410,,"대한민국의 영화 감독, 배우 (1977년 출생)"
Q10265337,Derek Basco,m,20060917,,actor
Q103175982,전명식,m,19320101,,Ph.D. The University of Chicago 1976
Q103433501,이원주,f,19680623,,Hija de él vicepresidente de samsung Lee Jae Yong
Q103433735,이지호,m,19680623,,
Q103438021,Lee Jae-hwan,m,19310620,,
Q103674070,Lee Sook-hee,f,19100212,,
Q103674312,Lee Tae-whi,m,19100212,,
Q103674530,Lee Hye-ja,f,19100212,,
Q103674771,Lee Soon-hee,f,19100212,,
Q103675031,Lee Deok-hee,f,19100212,,
Q103684216,김희재,f,19600319,,
Q103684668,Lee Sun-ho,m,19600319,,
Q103762788,Lee Jae-kwan,m,19330524,,eldest son of Lee Young-ja and Lee Chang-hee
Q103762889,Lee Young-ja,f,19330524,,widow of Lee Chang-hee
Q103820474,김지이,f,19730920,,기업인 이서현의 딸
Q103820496,김지수,f,19730920,,기업인 이서현의 딸
Q103820499,임동현,m,19701006,,
Q104044292,이정빈,f,19940414,,타이완의 바둑 기사
Q104150525,전무식,m,19441203,20040101,Korean chemist
Q104416379,이현중,m,19651225,,South Korean basketball player
Q104469789,송슬기,f,19850919,,대한민국의 의학자
Q104540906,이하청,m,19790312,,
Q104542739,강혜정,f,19731215,,"대한민국의 영화 제작자로, 영화 관련 종사자 (1970년)"
Q10457763,남궁웅,m,19820604,,South Korean footballer
Q104585577,진한새,m,19590912,,"대한민국의 방송작가, 각본"
Q104610498,Loïc Gendry,m,19710101,,
Q10514933,이재권,m,19920810,,대한민국의 축구 선수
Q105316438,임종인,m,19590101,,대한민국의 암호학자
Q105705314,김홍은,,19961030,,
Q105705317,김화영,f,19791011,,대한민국의 여자 배우
Q105705900,안인산,m,19680101,,
Q105960413,이충우,m,19360101,20041215,"대한민국의 공무원, 삼풍백화점 붕괴에 연루"
Q1062006,김영주,m,19120415,20211201,조선민주주의인민공화국의 정치인 (1920–2021)
Q106207040,윤지선,f,19790805,,대한민국의 여성학자
Q10658709,순덕왕후,f,10500101,11180921,고려 예종의 왕후
Q10658775,원덕왕후,f,11920210,12390101,고려 강종의 왕후
Q10658795,용의왕후,f,11000101,,고려 정종의 왕후
Q106641272,Esther Mikyung Ghymn,f,19131111,,Asian American literature scholar
Q10665,김정일,m,19640828,20111217,북한의 지도자 (1940–2011)
Q106690638,Lee Jong-kun,m,19770724,,actor
Q107109039,김수현,f,19870724,,
Q107109269,배두한,m,19791011,,
Q107109495,유훈근,,19430329,,
Q107109602,이태원,m,19691001,20211024,"대한민국의 영화 제작자, 기업인 (1938–2021)"
Q107109753,지플랫,m,19730405,,대한민국의 래퍼
Q107227356,유준선,m,19950917,,dancer
Q107264820,Lee Gyeong-ryeong,f,19251129,,
Q107264822,Yuk Yong-pil,m,18930101,,1838
Q107337287,경장태자,m,10000101,,prince Hwangjuwonnang of Goryeo
Q107443498,최재형,m,19291128,,South Korean lawyer and politician
Q1075512,Cho Chi-Hyo,m,19700315,,South Korean handball player
Q107617686,조민,f,19650406,,South Korean physician
Q107656933,뤄더룽,m,19911120,,중국의 바둑 기사
Q107747135,김윤지,f,19710528,,
Q107805133,김건희,f,19601218,,윤석열 대통령의 배우자 겸 대한민국의 기업인
Q108045004,이루비,f,19970523,,대한민국의 바둑 기사
Q10822153,선우은숙,f,19500117,,대한민국의 배우
Q10829234,Trấn Thành,m,19850622,,"Vietnamese actor, comedian, businessman, filmmaker and television host"
Q108391826,김상영,m,19521106,20040101,South Korean politician
Q10855139,강윤지,f,19800222,,South Korean singer
Q10855140,강의석,m,19600101,,한국의 영화 감독이자 무신론자
Q10855787,김규철,m,19670101,,대한민국의 배우
Q10855821,김복동,m,19000101,20000419,대한민국의 정치인
Q10855834,김성종,m,19411231,,
Q10855843,김승준,m,20040721,,대한민국의 바둑 기사
Q10855915,김한길,m,19621015,,대한민국의 정치인
Q10855929,김환기,m,19160101,19740725,painter (1913-1974)
Q10855990,나시모토노미야 이쓰코,f,19011104,19760819,Princess Nashimoto Itsuko of Japan (2 February 1882 –  19 August 1976)
Q108645782,Park Eun-kyong,,19670911,,
Q108805691,안민영,f,19941023,,대한민국의 영화 배우 (1970년 출생)
Q108852060,남궁선,f,19540101,,대한민국의 영화 감독
Q1092288,김성용,m,19551209,,조선민주주의인민공화국의 축구 선수
Q109235775,민용근,m,19840209,,대한민국의 영화 감독
Q109259136,전국향,f,19610101,,대한민국의 배우
Q109320880,Ma eh-bang,f,18641226,,
Q109354786,박찬경,m,19630823,,"대한민국의 미술가, 미디어 아티스트, 영화 감독"
Q10941620,태병렬,m,19530101,19861229,North Korean general
Q109564635,Λι Μπέικ-γεόν,f,19500602,,Η σύζυγος του Λι Γουάν Κου
Q109679896,김재범,m,19540814,,대한민국의 영화 편집자
Q109801469,김현빈,m,19730323,,대한민국의 바둑 기사
Q110115109,백완숙,f,19860825,,
Q110117644,조규천,,19710113,,대한민국의 음악가
Q110117754,진회숙,f,19610714,,
Q110117907,크리스 레오네,,19650412,,
Q110124576,정하민,f,20000425,,대한민국의 골프 선수
Q110125531,김경선,f,20000425,,
Q110125609,정윤석,m,20000425,,
Q110184560,배인규,m,19970707,,"대한민국의 극우 유튜버, 신남성연대 대표"
Q110184575,송시인,f,19900419,,"대한민국의 극우 유튜버, 신남성연대 부대표"
Q11040656,윤종용,m,19741009,,대한민국의 기업인
Q11064497,연덕궁주,f,10500101,11390101,고려 인종의 부인
Q11064499,복창원주,f,10500101,11950101,고려 인종의 부인
Q110941547,이충우,m,19411219,,이명박과 이상득의 아버지
Q110941701,이혜전,f,19610101,,대한민국의 피아니스트
Q110951880,백민경,f,19580101,,대한민국의 여자 화학자
Q11096031,귀인 이씨,f,18520908,19700101,고종의 후궁
Q111175072,윤기중,m,19601218,,제20대 윤석열 대통령의 부친
Q111307354,Yeon Ah Lee Moon,f,19790926,,
Q11147186,Stephanie Hung,f,19740701,,Hong Kong actress
Q111476092,배복주,f,19600101,,대한민국의 장애인권운동가
Q111705680,정준선,m,19620114,,"대한민국의 AI 연구자, 정몽규의 장남"
Q111940059,전주화,m,19330715,,physician
Q111990408,한지윤,f,19730409,,연구자
Q112037991,홍재현,f,19370725,,"수학자, 홍성대의 딸"
Q11242341,미야자키 레이카,f,19581208,,
Q11244078,백낙청,m,19260927,,South Korean writer
Q11251673,소 다케유키,m,19120525,19850422,"Japanese count, poet (1908–1985)"
Q11256848,아이하라 미카,f,19480424,,Japanese actress
Q11266025,이상훈,m,19800305,,대한민국의 바둑 기사 (1973년생)
Q112660393,조중래,m,19470326,,"대한민국의 교통공학자, 환경운동가"
Q112660455,안일순,f,19570101,,"대한민국의 소설가, 사회운동가"
Q11266137,이순자,f,19591027,,대한민국의 11-12대 대통령 영부인
Q11266154,이순철,m,19920325,,대한민국의 야구 해설가
Q11266309,이어령,m,19331015,20220226,대한민국의 저술가이자 대학 교수 (1933–2022)
Q11266502,이윤형,f,19420109,20051118,기업가 이건희의 자녀
Q11267083,이희호,f,19240106,20190610,대한민국 제 15대 대통령 김대중의 영부인이자 여성운동가
Q112737161,이동진,m,19660101,,"대한민국의 연구자, 이종호 장관의 아들"
Q112817112,Sarawut Rachanakul,m,19840320,,"CEO of paint company in Thailand, husband of Shin Joo Ah"
Q11286019,허준호,m,19240508,,대한민국의 배우
Q11286457,현정은,f,19480914,,"대한민국의 기업인, 現 현대그룹 회장"
Q11287136,홍기,f,19190716,20040720,대한민국 제10대 대통령 최규하의 배우자
Q11287837,황재균,m,19930607,,한국프로야구선수협회 부회장
Q11287888,황현,m,18550101,19100907,"매천시집 집필, 국채보상운동 장려"
Q112914681,이인영,f,19550101,,노어노문학자
Q112967934,정병식,m,19800807,,"대한민국의 각분가, 만화가"
Q113001490,강신일,m,19370508,,대한민국의 기업인
Q113016052,최선영,f,19540209,,figure skating coach
Q113102499,고경표,m,19510101,20170115,제주대학교 무역학과 교수
Q113102510,이인자,f,19350605,,건국대학교 의상학과 교수
Q113161633,위병욱,m,19260113,,researcher
Q11317852,최원영,m,19800131,,South Korean actor
Q11343022,민준호,m,19370816,,South Korean actor
Q11346187,영민,m,19950424,,South Korean singer
Q113489681,Nikos Valsamakis,m,19670101,,griechisch-deutscher Maler
Q113490399,최은순,f,19720902,,
Q113570071,김명환,m,19381013,19801212,대한민국의 바둑 기사
Q113840,프란체스카 도너,f,18750326,19920319,대한민국의 전 영부인
Q11477158,최 선애,f,19300924,,
Q11477175,최규병,m,19990901,,대한민국의 바둑 기사
Q11477189,최영,m,19800603,,대한민국의 종합격투기 선수
Q11485240,윤다훈,m,19871027,,한국의 배우
Q11485471,노리코 히로하시,f,19011104,19850825,일본 공주
Q11499920,문효진,m,19430210,20080317,"Dec 3rd, 1962 - Mar 17th, 2008, Gender: Male, Real name: Hyo Jin Moon, Country of origin: Korea, South , Associated acts: Hyo Jin Moon"
Q115011574,장여구,m,19350920,,대한민국의 의사
Q115039848,표창해,m,19660503,,"대한민국의 의사, 표창원의 형"
Q115134283,최선아,f,19590101,,대한민국의 여자 배우
Q11521580,박형진,m,19870301,,South Korean association football player
Q11521602,박태원,m,19200108,19860710,South Korean writer (1909-1986)
Q115273709,Choi Sun-kil,f,19200106,,
Q115515624,명호진,m,19050101,20060319,대한민국의 의학자
Q115528240,김수남,f,19490918,,
Q11556492,홍난숙,f,19621203,,American writer
Q115738570,백일영,m,19970317,,대학교수
Q115773794,강영광,m,19390101,,대한민국의 연구자 및 러시아 정교회 사제
Q115773813,이철우,m,19360101,,대한민국의 법학자
Q115803565,강두식,m,19520101,20130801,대한민국의 독문학자
Q115803756,채연석,m,19540101,,대한민국의 로켓 과학자
Q115803858,강사임,f,19520101,,대한민국의 전문대학 교수
Q11598714,Emiko Takenaka,f,19261025,,"Japanese economist, researchers of gender studies."
Q116040887,진동균,m,19450101,,
Q116040998,진은정,f,19730409,,
Q116213869,뮤리엘 마리 암스트롱,f,18640107,,서재필의 세번째 부인
Q11625582,성평왕후,f,11810621,12470101,고려 희종의 왕후
Q11629173,최현주,f,19710912,,South Korean actress
Q11644701,신동주 (기업인),m,19221004,,Korean/Japanese businessperson
Q11646457,김광호,m,19870226,,조선민주주의인민공화국의 축구 선수
Q11656104,Sekine Mari,f,19831116,,Japanese talent
Q11663968,한승원,m,19701127,,대한민국의 소설가
Q11664077,한홍구,m,19251029,,Korean historian
Q11668115,선정왕후,f,11440818,12220101,고려 신종의 왕후
Q11668163,의정왕후,f,11520517,,고려 명종의 왕후
Q11668218,공예왕후,f,11270530,11830101,고려 인종의 왕후
Q11682535,이채원,f,19911217,,South Korean actress
Q11739237,김혜성,f,19930309,,North Korean athletics competitor
Q11739251,김수지,f,19880831,,대한민국의 배구 선수
Q1174767,데이비드 호바스,m,19760608,,미국의 일러스트레이터
Q11766100,손소벽,f,18190101,18400131,Korean saint
Q11773664,신혜왕후,f,08770204,09010101,고려 태조의 왕후
Q11817362,최창흡,m,18190101,18391229,Korean martyr and saint
Q11880945,Maris Gothóni,m,19610714,,Finnish poet
Q1195195,천둥,m,19841112,,South Korean singer; member of MBLAQ
Q12183625,정화공주,f,13351019,,princess of Joseon (posthumously)
Q12183626,문숙공주,f,13000101,,
Q12183627,문혜공주,f,13000101,,
Q12183628,문의공주,f,13000101,,
Q12582936,강성종 (1966년),m,19290101,,South Korean politician
Q12582983,강예솔,f,19820406,,대한민국의 배우
Q12583048,강윤성,m,13560622,,
Q12583245,개성후,m,11000101,10620828,korean prince
Q12583598,경녕궁주,f,11440818,,princess of Goryeo
Q12583609,경덕궁주,f,11270530,,
Q12583773,경순공주,f,13351019,,조선 태조와 신덕왕후의 자녀
Q12583779,경안공주,f,13650719,14150101,조선 태종과 원경왕후의 자녀
Q12583807,경원공,m,11810621,,
Q12583935,경화궁부인,f,09250101,,princess of Goryeo
Q12584207,고명환,m,19730227,,대한민국의 희극인 출신 배우
Q12584230,고복수,m,19580101,19720210,대한민국의 가수
Q12584850,곽배희,f,19440101,,
Q12584872,곽윤상,m,19760204,,대한민국의 성우
Q12585346,구광모,m,19490326,,제4대 LG그룹 회장
Q12585524,구자경 (기업인),m,19450210,20191214,대한민국의 기업인
Q12585561,구태회,m,19461211,20160507,"대한민국의 기업인, LS전선 명예회장"
Q12585567,구평회,m,19280912,20121020,"대한민국의 기업인, LG 창업고문"
Q12586207,귀인 이씨 (내안당),f,18520908,19140101,
Q12586339,근비 이씨,f,13650802,,고려 우왕의 왕후
Q12586510,금수현,m,19470925,19920831,
Q12586567,금진호,m,19370101,,대한민국의 정치인
Q12586767,기철,m,12660101,13560101,Yuan dynasty person CBDB = 104068
Q12586929,김경중,m,18960101,19450427,조선의 문신
Q12587068,김기중,m,18911011,19330101,조선의 문신
Q12587262,김동현,m,19540915,,"대한민국의 영화배우, 연기자"
Q12587265,김동현,m,19701003,,"대한민국의 방송인, 래퍼"
Q12587304,김리나 (1942년),f,19510407,,
Q12587372,김문희,f,19050729,,대한민국 학교법인 용문학원 이사장
Q12587423,김민지,f,19810225,,대한민국의 아나운서
Q12587534,김부겸,m,19870118,,"대한민국의 정치인, 행정안전부 장관"
Q12587796,김세배,,19550801,20140803,South Korean politician
Q12587913,김승환,m,19800206,,대한민국의 탁구 선수
Q12587936,김신석,m,19240625,19480912,일제 강점기의 기업인
Q12587958,김어준,m,19680101,,대한민국의 언론인
Q12587966,김연수,m,19231217,19790101,대한민국의 기업인
Q12587988,김영나,f,19420130,,
Q12588010,김영명,f,19511007,,대한민국 정치학자
Q12588035,김영세 (1950년),m,19840914,,대한민국의 산업 디자이너
Q12588041,김영수 (1935년),m,19760626,,South Korean politician
Q12588056,김영욱,m,18980101,20051201,대한민국의 사회 운동가
Q12588105,김영한,m,19350311,19800101,교사
Q12588172,김용림,f,19701231,,대한민국의 배우 및 성우
Q12588209,김용주,m,19281013,19850127,일제 강점기와 대한민국의 기업인
Q12588246,김우영 (1886년),f,19290620,19580416,South Korean lawyer
Q12588365,김응수,m,19980829,,대한민국의 배우
Q12588400,김인득,m,19370101,19970710,"대한민국의 기업가, 벽산그룹 창업주"
Q12588422,김인태 (배우),m,19700220,20180912,대한민국의 배우
Q12588486,김재열,m,19390101,,기업인
Q12588578,김정주,m,19370105,20220228,"대한민국의 기업가, 넥슨 창업주 (1968–2022)"
Q12588583,김정태,m,19230529,19500701,대한민국의 독립운동가
Q12588638,김조이,f,18990925,,"사회주의 운동가, 조봉암의 부인"
Q12588656,김종량,m,19140220,,전 한양대 총장
Q12588692,김종진,m,19691022,,대한민국의 가수
Q12588796,김지숙,f,19830716,,1990년
Q12588811,김지연,f,19720217,,대한민국의 배우
Q12588854,김진민,m,19720624,,대한민국의 드라마 연출가 (1972년 출생)
Q12588862,김진수,m,19750610,,대한민국의 배우
Q12588950,김채곤,m,19521106,,
Q12589040,김태우,m,19750526,,대한민국의 배우
Q12589044,김태욱,m,19680625,,대한민국의 가수
Q12589061,김태한 (뮤지컬 배우),m,19740907,,대한민국의 배우
Q12589081,김택진,m,19751226,,대한민국의 기업인
Q12589306,김호길,m,19391003,19940430,South Korean physicist
Q12589318,김호진,m,19740722,,대한민국의 배우
Q12589320,김홍걸,m,19240106,,대한민국의 정치인
Q12589329,김홍업,m,19240106,,대한민국의 정치인
Q12589333,김홍일,m,19240106,20190420,대한민국의 정치인
Q12589360,김효,f,19570413,,
Q12589495,나경은,f,19720814,,South Korean television presenter
Q12589753,남경민,f,19641230,,대한민국의 배우
Q12590006,남일우,m,19400303,,대한민국의 배우
Q12590047,남진우,m,19630112,,대한민국의 시인
Q12590302,노건평,m,19000101,,대한민국의 기업인
Q12590399,노승환,m,19570803,20140524,South Korean politician
Q12590406,노영심,f,19670128,,대한민국의 피아노 연주자
Q12590416,노웅래,m,19270905,,대한민국의 기자 출신 정치인
Q12590443,노재헌,m,19321204,,대한민국의 변호사
Q12592846,덕창궁주,f,11810621,,
Q12593047,도애공주,f,11000101,,princess of Goryeo
Q12593129,독고성,m,19531213,20040410,South Korean actor
Q12593132,독고준,m,19531213,,대한민국의 배우
Q12593614,동현배,m,19880518,,대한민국의 배우
Q12594295,류승주,,19810619,,
Q12594317,류진,m,19230101,,대한민국의 기업인
Q12594913,매드클라운,m,19861224,,대한민국의 래퍼
Q12595703,문동환,m,19180602,20190309,"대한민국의 종교인, 사회운동가"
Q12595795,문정숙,f,19311006,20000301,대한민국의 배우
Q12595849,문혜왕후,f,08770204,,Princesse of Koryo
Q12596201,민무구,m,13650719,,
Q12596202,민무질,m,13650719,,
Q12596206,민무회,m,13650719,,
Q12596272,민제,m,13650719,14080101,고려 말기와 조선 초기의 문신
Q12596321,민지환,m,19680512,,대한민국의 배우
Q12596572,박남정,m,20010801,,대한민국의 가수
Q12596610,박두병,m,18640622,19730804,"대한민국의 기업가, 두산그룹의 초대 회장"
Q12596616,박두을,f,19100212,20000103,이병철의 배우자
Q12596619,박마리아,f,18961220,19600428,South Korean politician
Q12596685,박부양,m,18581207,19740420,일제 강점기의 친일반민족행위자
Q12596724,윤상훈,m,19400607,,대한민국의 가수
Q12596829,박승직,m,19101006,19501220,"대한민국의 기업가, 두산그룹의 창업주"
Q12596862,박언주,f,19900601,,대한민국의 전 농구 선수 (1988년 출생)
Q12596996,박은옥,f,19541010,,대한민국의 포크 가수
Q12597050,박정구,m,19010705,20020713,금호그룹 회장
Q12597152,박준규,m,19300204,,대한민국의 배우
Q12597193,박지영,f,19780820,,대한민국의 배우 (1969년 출생)
Q12597196,박지윤 (성우),f,19741029,,South Korean voice actress
Q12597257,박철우,m,19900109,,대한민국의 야구 선수
Q12597340,박혜진,f,19880101,,농구 선수 (1990년 출생)
Q12597350,박화성,f,19390223,19880130,한국의 소설가
Q12597420,반야 (고려),f,13650802,13760301,concubine of king Gongmin of Goryeo
Q12597529,방상훈,m,19221126,,"대한민국의 기업인, 조선일보 대표이사"
Q12597567,방응모,m,19440101,19500928,"일제강점기의 교육자, 언론인, 법조인, 기업인"
Q12597571,방재선,m,18830929,,방응모 기념사업회 이사장
Q12597573,방정오,m,19480206,,TV조선 대표이사 전무
Q12597615,배다해,f,19810830,,가수
Q12597726,백낙승,m,19320720,19561012,"대한민국의 기업인, 백남준의 아버지"
Q12597730,백낙환,m,19380110,20181207,South Korean doctor (1926-2018)
Q12597820,백승호,m,19560101,,대한민국의 축구 선수
Q12597876,백인제,m,19100219,19500720,
Q12597878,백일규,,18800311,19620531,
Q12598177,변동림,f,19100820,20040229,"한국의 화가, 수필가"
Q12598213,변중석,f,19151125,20070817,현대그룹 창업주인 정주영의 배우자 (1921–2007)
Q12598219,변한후,m,10500101,,
Q12598331,보령궁주,f,10500101,11130101,Princesse
Q12598934,부여공,m,10500101,11120101,prince of Goryeo
Q12601432,서장옥,,19000101,19000101,
Q12601620,석주선,f,19081113,19960303,Korean folklorist (1911-1996)
Q12601730,선우중호,m,19180217,,
Q12601876,성기선,,19670101,,
Q12601920,성녕대군,m,13650719,,조선 태종와 원경왕후의 자녀
Q12602380,션,m,19731214,,대한민국의 가수
Q12602394,소 마사에,f,19120525,19550101,Japanese countess
Q12602742,손정도,m,19090505,19310219,"독립운동가, 감리교 목사"
Q12602743,손정민,f,19800326,,South Korean actress
Q12602770,손창호,m,19821229,19980805,"대한민국의 영화 배우, 영화감독 (1952–1998)"
Q12602916,송석하 (민속학자),m,19041011,19480805,Korean ethnologist
Q12603146,수령궁주,f,11920210,,princess of Goryeo
Q12603218,수안궁주,f,11520517,11990601,princess of Goryeo
Q12603832,승경궁주,f,11270530,,Korean princess
Q12604156,신대철,m,19381104,,South Korean musician
Q12604162,신덕왕후,f,13351019,13960821,조선 태조의 왕비
Q12604197,신동욱,m,19540630,,대한민국의 정치인
Q12604339,신석철,m,19381104,,
Q12604506,신윤철,m,19381104,,
Q12604595,신창석,m,19990111,,South Korean director
Q12604649,신춘호,m,19221004,20210327,"대한민국의 기업인, 농심 창업주 (1930–2021)"
Q12604838,심규섭,m,19610320,20020127,대한민국의 정치인
Q12604953,심화진,f,19580906,,South Korean professor and university president
Q12605541,안경희,f,19681014,20010714,
Q12605549,안공근,m,19070101,19390530,
Q12606321,양양공,m,11440818,,Goryeo royal
Q12606356,양재선,f,19710220,,대한민국의 작사가
Q12606380,양정모,m,19470101,20090329,"대한민국의 기업인, 전 국제그룹 회장"
Q12606468,양헌왕 (고려),m,10500101,10990101,Prince
Q12606494,양희은,f,19541203,,대한민국의 가수
Q12607574,영화궁주,f,11270530,12080101,Korean princess
Q12607641,예수정,f,19270415,,대한민국의 배우
Q12607730,오광심,f,19100315,19760407,
Q12607850,오병철,m,19630131,20051030,대한민국의 영화 감독
Q12607934,오숙근,f,19180515,19580101,김좌진의 배우자
Q12608049,오정아,f,19870823,,대한민국의 바둑 기사
Q12608070,오지혜,f,19361111,,대한민국의 배우
Q12608074,오지호 (화가),m,19390101,19821225,
Q12608143,오현경,m,19680903,,대한민국의 배우
Q12608498,왕평달,m,09000101,,
Q12609261,원녕태자,m,08770204,09760101,prince of Goryeo
Q12609387,원창왕후,f,09000101,,고려 의조의 왕후
Q12609551,위기철,m,19630131,,작가
Q12609690,유기준,m,19610101,,South Korean politician
Q12610164,육인순,f,19251129,19720101,대한민국의 교육인
Q12610168,육종관,m,19251129,19651226,육영수의 아버지
Q12610202,윤노덕,f,18540415,19791023,일제 강점기의 기독교운동가
Q12610256,윤복희,f,19430915,,South Korean singer
Q12610262,윤봉춘,m,19440722,19751021,대한민국의 영화 감독
Q12610322,윤세웅,m,19400501,,대한민국의 성우
Q12610323,윤세인,f,19561201,,South Korean actress
Q12610328,윤소정,f,19680903,20170616,대한민국의 배우 (1944–2017)
Q12610329,윤송이,f,19670314,,대한민국의 기업인
Q12610338,윤승선,m,18961005,19660720,
Q12610391,윤의섭 (1912년),m,18940820,19660225,
Q12610403,윤일봉,m,19780321,,대한민국의 영화배우
Q12610447,윤준호,m,19340301,,대한민국의 영화 배우
Q12610476,윤취동,m,17680101,18631221,조선시대 후기의 문신
Q12610478,윤치명,m,18540415,19440101,대한제국 말기의 관료 겸 교육자
Q12610479,윤치병,m,18540415,19400101,구한말의 군인
Q12610481,윤치소,m,18540415,19440220,"구한말 정치인, 조선총독부 간부"
Q12610509,윤학길,m,19930124,,South Korean baseball player
Q12610530,윤홍섭,,18940820,,
Q12610536,윤효정,m,18590101,19390101,"탁지부주사, 독립협회 간부, 헌정연구회 조직, 대한자강회 조직, 대한협회 총무, 연합회의소 위원장"
Q12610594,은원재,m,19961125,,South Korean actor
Q12610712,의령옹주,f,13351019,14660210,
Q12610828,이갑,m,19091028,20141213,대한제국의 황손
Q12610846,이강석 (군인),m,18961220,19600428,이기붕의 아들
Q12610901,이경숙,f,19500204,,대한민국의 정치인
Q12611009,이규광,m,19111107,20120920,"대한민국의 군인, 정치가"
Q12611012,이규동,m,19250611,20010911,"대한민국의 군인, 대한노인회 회장"
Q12611257,이동준,m,19780318,,South Korean basketball player
Q12611345,이맹희,m,19100212,20150814,한국의 기업가
Q12611389,이명희,f,19100212,,신세계그룹 회장
Q12611404,이묵원,m,19410208,,대한민국의 배우
Q12611423,이미경,f,19310620,,"기업인, CJ&ENM"
Q12611431,이미영,f,19860322,,대한민국의 배우
Q12611434,이미옥,f,19720203,,South Korean actress
Q12611449,이민자,f,19220406,19860119,대한민국의 배우
Q12611579,이봉원,m,19670310,,대한민국의 희극 배우
Q12611590,이부진,f,19420109,,대한민국의 기업인
Q12611683,이상훈,m,19830302,,대한민국의 바둑 기사 (1975년생)
Q12611701,이서현,f,19420109,,기업인
Q12611818,이세창,m,19780301,,"대한민국의 가수, 배우"
Q12611911,이승신,f,19621219,,South Korean actress
Q12611977,이아주,f,18911011,19680911,대한민국의 독립운동가
Q12611999,이양무,m,12500101,,
Q12612052,이영범,m,19641130,,South Korean actor
Q12612075,이영은,m,19680903,,"대한민국의 배우, 영화감독"
Q12612098,이영하,m,19591224,,대한민국의 배우
Q12612110,이예춘,m,19520508,19771123,대한민국의 배우
Q12612144,리용,m,18591218,19540818,조선민주주의인민공화국의 독립운동가
Q12612345,이은혜,f,18980210,19800823,대한민국의 정치인
Q12612419,이자량,m,10500101,,
Q12612445,이장호,m,19510101,,영화 감독
Q12612473,이재선,m,18520908,,politician
Q12612507,이재철,m,19460216,,대한민국의 전 개신교 목사
Q12612583,이정은,f,19701013,,대한민국의 배우 (1973년 출생)
Q12612629,이종구,m,19250120,,대한민국의 정치인
Q12612742,이준용,m,19170730,,"대한민국의 기업인, 대림그룹 명예회장"
Q12612763,이중재,m,19500922,20081218,대한민국의 정치인
Q12612827,이진우,m,19660203,,대한민국의 배우
Q12612841,이찬갑,m,19300101,19740101,
Q12612843,이찬,m,19760206,,대한민국의 배우
Q12612881,이창희,m,19100212,19910719,기업인
Q12612902,이천우 (조선 초기),m,13300101,,
Q12613036,이하정,f,19701001,,대한민국의 프리랜서 아나운서
Q12613186,이혜원,f,19760127,,"대한민국의 모델, 기업인"
Q12613334,인경현비,f,10500101,,
Q12613410,인요한,m,19261207,,미국과 대한민국의 의사
Q12613423,인정옥,f,19681204,,South Korean screenwriter
Q12613810,임동진,m,19800611,,대한민국의 배우
Q12613866,임세령,f,19680623,,"대한민국의 기업인, 대상 전무"
Q12613912,임유진 (1981년),f,19741009,,대한민국의 배우 겸 가수
Q12613979,임채무,m,19560214,,대한민국의 배우
Q12613983,임채원,f,19711227,,대한민국의 배우
Q12614533,장성원,m,19810318,,South Korean actor
Q12614608,장영순,m,19520117,19950101,South Korean politician
Q12614610,장영신,f,19700709,,"대한민국의 기업가, 정치인, 애경그룹 회장"
Q12614665,장재식,m,19631001,,대한민국의 정치인
Q12614683,장제원,m,20000530,,국민의힘 국회의원
Q12614701,장지연,m,18641130,19211002,"대한제국의 언론인, 애국계몽 운동가"
Q12614771,장하진,f,19530919,,Korean sociologist (1951-)
Q12614774,장항선,m,19821221,,대한민국의 배우
Q12614782,장현 (1956년),m,19610421,19900816,대한민국의 가수 (1956–1990)
Q12615206,전순옥,f,19480826,,대한민국의 제19대 국회의원
Q12615271,전재국,m,19310306,,
Q12615272,전재용,m,19310306,,
Q12615450,정경궁주 유씨,f,13351019,,
Q12615514,정다은,f,19761006,,대한민국의 아나운서
Q12615521,정대철,m,19710219,,대한민국의 정치인
Q12615523,정대현 (1991년),m,19970320,,South Korean baseball player
Q12615582,정몽근,m,19151125,,"대한민국의 기업인, 현대백화점그룹의 명예회장"
Q12615583,정몽우,m,19151125,19900424,"대한민국의 기업인, 범현대가 (1945–1990)"
Q12615584,정몽규,m,19280606,,대한민국의 기업인
Q12615586,정몽필,m,19151125,19820424,"대한민국의 기업인, 범현대가 (1934–1982)"
Q12615684,정빈 김씨,f,13150101,14040109,King Hwanjo's consort of Joseon
Q12615719,정선공주,f,13650719,,Princesse
Q12615745,정세영,m,19620114,20050521,"대한민국의 기업가, 전 현대그룹 회장"
Q12615792,정시아,f,19780321,,대한민국의 배우
Q12615815,정애란,f,19550325,20051110,대한민국의 배우 (1927–2005)
Q12615816,정애연,f,19670101,,South Korean actress
Q12615825,정양완,f,19300508,,
Q12615826,정여진,f,19400303,,South Korean singer
Q12615841,정영일,m,19910128,,South Korean baseball player (1988-)
Q12615941,정인보,m,19290414,19500907,Korean literary scholar (1893-1950)
Q12615983,정재은,m,19430905,,기업인
Q12616026,정지선,m,19701018,,대한민국의 기업인
Q12616106,정태춘,m,19570101,,대한민국의 가수
Q12616132,정해영,m,19360101,20051111,대한민국의 정치인
Q12616175,정호준,m,19440104,,대한민국의 정치인
Q12616590,조국,m,19910101,,"대한민국의 교수, 법학자, 정치인"
Q12616637,조동익,m,19190816,,South Korean singer
Q12616720,조석래,m,19060520,,전 효성그룹 회장
Q12616843,조성모,m,19521005,,대한민국의 수영 선수
Q12616878,조수훈,m,19650630,,대한민국의 스피드 스케이팅 선수
Q12616953,조우종,m,19830101,,대한민국의 아나운서
Q12617034,조재훈,m,19791124,20070123,대한민국의 배우
Q12617042,조정치,m,19801207,,South Korean singer
Q12617149,조향기,f,19500301,,"대한민국의 배우, 1979년"
Q12617166,조홍제,m,19351119,19840116,"대한민국의 기업가, 효성그룹 창업주"
Q12617500,죽방왕후,f,09510101,,Queen Consort of Silla
Q12617992,지상욱,m,19720923,,대한민국의 정치인
Q12618100,지하련,f,19081013,19600101,일제강점기의 소설가
Q12618513,차승우,m,19510101,,대한민국의 음악가
Q12618516,차용애,f,19240106,19590625,대한민국의 15대 대통령 김대중의 첫째 부인
Q12618531,차중락,m,19510101,19681110,대한민국의 가수 (1942–1968)
Q12618537,차현우,m,19460508,,대한민국의 배우
Q12618552,찰리 박,m,19800819,,South Korean actor
Q12618654,창원공,m,11810621,12620101,heir Successor (wonja) of Goryeo
Q12618981,천추전부인,f,09250101,,princess of Goryeo
Q12619264,청주남원부인,f,09230101,,
Q12619282,청주원부인,f,09120101,,the Cheongju Kim clan
Q12619482,최규성,m,19530101,,대한민국의 정치인
Q12619525,최동석,m,19790323,,
Q12619598,최선아,f,19840221,,
Q12619615,최성원,m,19860407,,South Korean singer
Q12619640,최승경,m,19720112,,대한민국의 희극 배우
Q12619791,최인규,m,19190101,,일제강점기의 영화 감독
Q12619808,최자실,f,19420610,19891106,대한민국의 개신교 목사
Q12619846,최종현,m,19601203,19980826,"기업인, 전 선경그룹 회장"
Q12619904,최충수,m,11490101,,
Q12623985,한만년,m,19590716,20040430,
Q12623986,한말숙,f,19360531,,대한민국의 작가
Q12624043,한병기,m,19370101,20170421,"대한민국의 외교관, 기업가"
Q12624092,한석명,m,19181025,20000101,
Q12624116,한성주,f,19700709,,대한민국의 모델
Q12624327,한지승,m,19680215,,대한민국의 영화 감독
Q12624661,해이,f,19710113,,South Korean singer
Q12624812,허기호,m,19240508,,대한민국의 배우
Q12624816,허동수,m,19110806,,"대한민국의 기업인, GS칼텍스 회장"
Q12624868,허욱,m,19490314,,South Korean actor
Q12624994,현기봉,m,18890829,19240101,일제 강점기의 관료
Q12625079,현영원,m,19281013,20061124,
Q12625091,현준호,m,18550101,19500928,일제 강점기의 금융인
Q12625359,홍라희,f,19420109,,"기업인, 전 삼성미술관 리움 관장"
Q12625377,홍범식,m,18880101,19100101,
Q12625419,홍숙자,f,19580906,,"South Korean diplomat, professor, feminist, and politician"
Q12625503,홍진기,m,19491020,19860713,"대한민국의 법조 출신 정치인, 중앙일보 창간주 (1917–1986)"
Q12625538,홍혜걸,m,19650511,,South Korean journalist
Q12625671,화의옹주 김씨,f,13351019,,
Q12625798,황동규,m,19150326,,대한민국의 작가
Q12625854,황세옥,f,19641118,,대한민국의 가수
Q12625857,황순희,f,19150909,20200117,조선민주주의인민공화국의 정치인 (1919–2020)
Q12626021,효령태자,m,11270530,13940101,crown Prince of Goryeo
Q12626031,효성태자,m,08770204,09760101,prince of Goryeo
Q12626039,효은태자,m,08770204,,noble Korean
Q12626049,효회공주,f,11440818,11990101,princess Heungdeok
Q12626132,휴 린턴,m,19591208,19841020,
Q12626204,흥방궁주,f,08770204,,Princesse of Koryo
Q12626230,흥화궁군,m,09120101,,prince of Goryeo
Q1276156,구본무,m,19250424,20180520,"대한민국의 기업가, 전 LG그룹 회장"
Q1280778,김한솔,m,19710510,,"North Korean student, ruling family member"
Q12834850,인교진,m,19840828,,대한민국의 배우 겸 유튜버
Q129471,김무영,m,19861215,,"대한민국의 배우, 가수"
Q12962151,Q12962151,f,19820525,,South Korean actress
Q12963833,은서우,f,19940721,,South Korean actress
Q12965580,정우,m,19791012,,대한민국의 남자배우
Q12966411,김은서,f,19610212,,대한민국의 배우
Q12966451,김진근,m,19220406,,대한민국의 배우
Q12966460,김주일,f,19730220,,대한민국의 배우
Q12969233,박동빈,m,19810810,,대한민국의 배우
Q12970204,김량하,m,19870904,,South Korean singer
Q12972710,연규진,m,19781106,,대한민국의 배우
Q13423737,신상훈,m,19871212,,아이스하키 선수로
Q13432221,백옥자,f,19791217,,South Korean athletics competitor
Q13482021,이효정,m,19630826,,South Korean actor
Q13553537,정일훈,m,19901011,,대한민국의 비투비 現 멤버
Q13580246,박수진,f,19720829,,"대한민국의 배우, 가수 (1985년)"
Q13646009,이은주,f,19790718,,대한민국의 가수 (1981)
Q13701421,최영애,f,19480101,,대한민국의 중문학자
Q138048,박근혜,f,19171114,,대한민국의 제18대 대통령 (1952-)
Q14304,조선 태종,m,13351019,14220519,조선의 3대 임금
Q14320941,김소니아,f,19780318,,Romanian–South Korean basketball player
Q14342,이명박,m,19470326,,대한민국의 제17대 대통령 (1941-)
Q14345,노무현,m,19471223,20090523,대한민국의 제16대 대통령 (1946-2009)
Q14356,박정희,m,19520202,19791026,대한민국의 제5•6•7•8•9대 대통령
Q14362,전두환,m,19421020,20211123,대한민국의 11대.12대 대통령 (1931–2021)
Q14425626,박용식,m,19780417,20130802,대한민국의 배우 (1946–2013)
Q14483063,이응경,f,19690123,,대한민국의 여자 배우
Q14552393,김혜경,f,19930309,,North Korean long-distance runner
Q14566767,안혜왕후,f,11920210,12320101,고려 고종의 왕후
Q14623809,김혜순,f,19471201,,poet
Q14723581,박세영,m,19920328,,South Korean speed skater
Q1478446,김사랑,m,19910908,,대한민국의 배드민턴 선수
Q14850145,박세웅 (1995년),m,19970627,,South Korean baseball player
Q14864448,김주애,f,19820108,,김정은과 리설주의 딸
Q15057674,문흥진,m,19430210,19840102,South Korean unificiationist leader
Q1510259,Gerardus de Vries,m,16300101,17041201,Dutch theologian and philosopher
Q15120995,이일화,f,19560106,,대한민국의 배우
Q15139424,영성대군,m,13351019,,
Q15294611,성찬경,m,19670101,20130226,Korean poet (1943-2013)
Q15312183,배구자,f,19220101,20030101,대한민국의 무용가 (1905—2003)
Q15344562,양희경,f,19520813,,대한민국의 배우
Q153778,정명훈,m,19480326,,대한민국의 피아노 연주자
Q15614082,원장태자,m,08770204,,noble Korean
Q15666746,이승철,m,19841025,,대한민국의 배우
Q15703547,바로 (가수),m,19961202,,South Korean rapper and actor
Q15707513,김삼순,f,19160623,20011211,세균학자
Q15711594,김희라,m,19170713,,대한민국의 배우
Q15727638,상안공,m,10500101,,
Q15732940,대령후,m,11270530,11540101,Korean prince
Q15788028,김철민,m,19950206,,South Korean speed skater
Q1580046,김용건,m,19780311,,대한민국의 배우
Q158056,백남준,m,18960101,20060129,한국의 비디오 아티스트 (1932-2006)
Q15934058,마쓰다이라 요시코,f,19091028,20060628,일본의 왕공족
Q15937927,장성길,m,19460122,20060701,politician
Q15971448,박승주,f,19920328,,South Korean speed skater
Q15985300,정병길,m,19770101,,"대한민국의 영화 감독, 영화 각본가"
Q15999535,윌리엄 린튼,m,19261207,19600101,missionary
Q16068080,박인숙,f,19490902,20150616,대한민국의 성우
Q16068586,전계현,f,19290404,20191220,대한민국의 배우
Q16068605,정형석,m,19780417,,South Korean voice actor
Q16068617,주호성,m,19810318,,South Korean actor
Q16068635,최하나,f,19740701,,대한민국의 성우
Q16070048,이양희,f,19220515,,South Korean psychologist and scholar
Q16071030,이찬혁,m,19990504,,"대한민국의 가수이자 음악 프로듀서, AKMU의 멤버"
Q16079902,박종구,m,19010705,,국무조정실 정책차장
Q16079960,천승세,m,19030416,20201127,대한민국의 소설가
Q16079983,G.고릴라,m,19760127,,"대한민국의 가수, 작곡가, 음반 프로듀서, 밴드 이브의 서브보컬 및 프로듀서"
Q16080019,강신항,m,19290414,,1930-
Q16080034,강인숙,f,19340115,,대한민국의 문학평론가
Q16080136,금노상,m,19470925,,
Q16080217,김무성,m,19050729,,대한민국의 정치인
Q16080219,김문용,m,19090203,19950207,대한민국의 정치인
Q16080231,김민호,m,19980204,,South Korean baseball player (1969-)
Q16080234,김병관,m,19390101,20080225,
Q16080243,김사은,f,19860101,,South Korean singer
Q16080266,김선미,f,19580927,,대한민국의 정치인
Q16080270,김성경,f,19670208,,대한민국의 방송인
Q16080285,김세연,m,19430219,,South Korean politician
Q16080287,김세의,m,19350123,,대한민국의 기자
Q16080288,김세환,m,19160101,,South Korean singer
Q16080301,김양,,19220921,,South Korean politician and diplomat
Q16080303,김연준,m,19500904,20080107,"교육자, 언론인"
Q16080333,김용민,m,19750101,,South Korean journalist
Q16080365,김일우,m,19580730,20040613,대한민국의 남자 배우 (1953년-2004년)
Q16080380,김재춘,m,19500101,20140102,"8-9대 국회의원, 3대 중앙정보부장"
Q16080384,김정근,m,19810513,,
Q16080539,김창익,m,19540222,20080129,대한민국의 음악가
Q16080674,김혁,m,19470222,,South Korean actor
Q16080717,김혜림,f,19300905,,대한민국의 가수
Q16080834,남경읍,m,19640927,,South Korean actor
Q16081058,문병호,m,19650313,,대한민국의 정치인
Q16081587,박삼구,m,19010705,,"기업가, 금호그룹 회장"
Q16081621,박상아,f,19640101,,대한민국의 배우
Q16081747,박성용,m,19010705,20050523,대한민국의 기업가
Q16081781,박세혁,m,19640412,,대한민국의 야구 선수
Q16081942,박영아,f,19600710,,대한민국의 정치인
Q16082602,박혜진,f,19690313,,대한민국의 프리랜서 아나운서
Q16082942,백종원,m,19810811,,대한민국의 요리연구가
Q16083277,서병수,m,19630917,,국민의힘 국회의원
Q16083487,선우종원,m,19401128,20140308,
Q16084406,신형원,f,19520101,,가수
Q16084762,안재구,m,19680101,20200708,대한민국의 수학자
Q16084970,양인자,f,19360309,,South Korean novelist
Q16085021,양후승,m,19590602,,South Korean baseball player (1961-)
Q16090147,김창훈,m,19540222,,South Korean singer
Q16090231,손화령,f,19520412,,South Korean actress
Q16090398,원홍구,m,19290519,19701003,조선민주주의인민공화국의 대학 교수
Q16090420,유두석,m,19570101,,대한민국의 정치인
Q16090431,유성엽,m,19681124,,대한민국의 정치인
Q16090573,유일호,m,19241007,,South Korean politician
Q16090635,윤석열,m,19311219,,대한민국의 제20대 대통령
Q16090681,윤항기,m,19460309,,South Korean singer
Q16090786,이다인,f,19640919,,대한민국의 배우 (1992년 출생)
Q16090891,이봉서,m,19390101,,대한민국의 전 상공부 장관
Q16090975,이송정,,19760818,,
Q16090987,이슬기,f,19830302,,Korean gayageum player
Q16091018,이영호,m,19450515,,actor
Q16091081,이재현,m,19310620,,CJ 그룹 회장
Q16091093,이제학,m,19641205,,대한민국의 남자 정치인
Q16091096,이종남,m,19700101,,대한민국의 법조 출신 정치인 (1936-2021)
Q16091160,이지현,f,19520508,,South Korean actress
Q16091210,이청,f,19500101,,"대한민국의 정치인, 교사"
Q16091294,이혜훈,f,19621023,,대한민국의 정치인
Q16091306,이홍규,m,19350602,20021031,일제강점기 법조인
Q16091370,임우재,m,19701006,,
Q16091408,장가용,m,19110814,20080119,South Korean surgeon and anatomist
Q16091504,장호일,m,19681223,,South Korean singer
Q16091539,전영록,m,19200306,,South Korean singer (1954-)
Q16091556,전인범,m,19561224,,South Korean general
Q16091679,정용진,m,19710302,,"대한민국의 기업가, 신세계 부회장"
Q16091847,조남호,m,19510101,,한진중공업의 회장
Q16091951,조철권,m,19560525,20070802,대한민국의 전 노동부장관
Q16091964,조하문,m,19860212,,South Korean singer
Q16092070,채국희,f,19680625,,대한민국의 배우
Q16092077,채승석,m,19740923,,"대한민국의 기업가, 애경개발 사장"
Q16092163,최영섭,m,19560902,,
Q16092273,추민기,m,19820713,,South Korean actor
Q16092482,허근욱,f,18850101,20170325,대한민국의 소설가
Q16093226,구자홍,m,19230624,20220211,대한민국의 기업인 (1946–2022)
Q16093399,김동원,m,19480715,20060513,대한민국의 영화 배우
Q16094944,박현식,m,19110101,20050820,대한민국의 야구인 (1929–2005)
Q16097650,이해욱,m,19380709,,"대한민국의 기업인, 대림산업 대표"
Q16097986,조긍하,m,19600306,19820128,대한민국의 영화 감독
Q16160030,신민준,m,19660101,,대한민국의 바둑 기사
Q16160132,곽방방,f,19790101,,South Korean table tennis player
Q16160910,노유정,f,19611020,,South Korean actress
Q16162707,구두회,m,19260630,20111021,"대한민국의 기업인, 전 예스코 명예회장"
Q16163145,구본준,m,19450210,,대한민국의 기업인
Q16163303,심도원,m,,,
Q16163642,구인회,m,19250424,19691231,LG그룹의 창업주
Q16163854,심효생,m,,,
Q16165398,원경국사,m,11270530,11830101,Korean prince
Q16166133,원신궁주,f,11000101,,princess Consort of Goryeo
Q16166601,찬덕 주씨,f,13351019,,Chandok
Q16167089,창락궁주,f,11270530,,Korean princess
Q16168020,권오석,m,19471223,19710830,대한민국의 전 대통령 노무현의 장인
Q16168671,귀인 양씨,f,18520908,19290101,Korean imperial consort
Q16168859,장경궁주,f,10500101,,Queen Consort of Goryeo
Q16168972,안동혁,m,19550101,20041014,
Q16169960,유은성,m,19830909,,South Korean singer
Q16170117,금관후,m,10500101,,
Q16170392,서세옥,m,19620101,20201129,South Korean artist
Q16170972,솔튼페이퍼,m,19501218,,South Korean singer
Q16171980,윤부길,m,19460309,19570101,South Korean singer
Q16172178,서희원,m,19470101,20040407,대한민국의 교수
Q16172371,윤언이,m,10400712,,
Q16172374,적경궁주,f,10500101,,Princesse
Q16172540,한승원,f,19501110,,South Korean manhwaga
Q16173139,윤혜진,f,19740405,,South Korean dancer (1980-)
Q16173248,최종건,m,19291121,19731115,"기업가, 선경그룹 창업주"
Q16173287,김기창,m,19200101,20010123,
Q16173477,한효섭,m,19740923,,대한민국의 정치인
Q16173576,최필립,,18990101,20130918,
Q16173605,최향,m,11660101,,
Q16173739,성빈 지씨,f,,,조선 정종의 후궁
Q16174033,추송웅,m,19730509,19851229,대한민국의 배우 (1941–1985)
Q16174683,김민정,f,19821031,,대한민국의 방송사 KBS의 여자 아나운서
Q16175025,에리카 김,f,19660606,,
Q16175060,김보애,f,19220406,20171014,대한민국의 영화 배우
Q16175372,김상홍,m,18960101,20100523,대한민국의 기업인
Q16175424,박인철,m,19740408,,대한민국의 기업인
Q16175491,정몽윤,m,19151125,,"대한민국의 기업인, 현대해상화재보험의 회장"
Q16176035,박지훈,m,19480304,,대한민국의 기업인
Q16176070,박진섭,m,19580215,,대한민국의 가수
Q16176116,박찬구,m,19010705,,"기업가, 금호석유화학 회장"
Q16176119,려연구,f,19281105,19960928,조선민주주의인민공화국의 정치인
Q16176271,정순공주,f,13650719,14600101,태종과 원경왕후의 자녀
Q16176332,허종,m,18850101,,조선민주주의인민공화국의 외교관
Q16176525,박홍수 (조선),m,18581207,19010101,"조선의 문신, 정치인 (1814~1901)"
Q16176680,김영일,m,19241229,20000101,North Korean politician
Q16177000,이민아,f,19340115,20120315,"한국계 미국인 변호사, 목회자"
Q16177323,강명도,m,19581204,,
Q16177357,현영운,m,18700223,20000101,
Q16177365,강문영,f,19661205,,South Korean film actor
Q16177384,손문권,m,19600824,20120121,
Q16177510,손웅정,m,19920708,,"대한민국의 축구 선수, 손흥민의 아버지"
Q16177593,김윤남,f,19491020,20130605,기업인 김신석의 자녀
Q16177650,방준오,m,19480206,,조선일보 부사장
Q16177672,강세형,m,19090203,19600701,대한민국의 정치인
Q16177787,이상순,m,19790510,,대한민국의 기타리스트
Q16177833,연희궁주,f,11520517,,korean Royal Princess
Q16177870,고윤,m,19510920,,대한민국의 배우
Q16177903,혜은이,f,19500610,,대한민국의 여자 가수
Q16177963,구본능,m,19450210,,"대한민국의 기업가, 희성그룹 회장"
Q16178031,정화당 김씨,f,18520908,,
Q16178213,김재원,m,19510407,19900412,
Q16178287,김윤경,f,19490902,,대한민국의 1949년생 배우
Q16178449,송송이,f,19711001,,South Korean actress
Q16178678,이소선,f,19480826,20110903,South Korean trade unionist
Q16178789,백붕제,m,19380110,19500720,
Q16179029,나기정,m,18960418,19150101,
Q16179324,덕녕궁주,f,11270530,,Korean princess
Q16179548,고수일,m,19130814,,politician
Q16179601,이신형,m,20020206,,대한민국의 스타크래프트 II 프로게이머
Q16179644,홍석조,m,19491020,,"대한민국의 기업인, BGF리테일 회장"
Q16179683,홍성기,m,19400715,20010203,대한민국의 영화 감독
Q16179779,김진아,m,19220406,20140820,대한민국의 배우
Q16179807,태형철,m,19160101,,조선민주주의인민공화국의 정치인
Q16180037,김진재,m,19720715,20051024,South Korean politician
Q16180284,경선공주,f,13351019,,조선 태조의 차녀
Q16180324,경정공주,f,13650719,14550101,조선 태종과 원경왕후의 자녀
Q16180342,이용휘,m,19630901,,South Korean politician
Q16180343,경춘원군,m,09230101,09600101,prince of Goryeo
Q16180564,고영준,m,19111229,,대한민국의 가수
Q16180796,박시은,f,19660419,,대한민국의 아역배우 출신 가수 (2001년)
Q16180853,수안택주,f,11000101,11280101,Princesse
Q16180926,김근,m,10750101,,고려 중기의 문신
Q16181019,김태화,m,19520511,,South Korean singer
Q16181033,김성용,m,19160623,19990107,일제강점기 행정관료
Q16181084,이은영,f,19620220,,South Korean politician (1963-)
Q16181216,서현철,m,19690101,,South Korean television and film actor
Q16181235,성완종,m,19630319,20150409,South Korean politician
Q16181355,화순궁주,f,11270530,,
Q16181530,이인희,f,19100212,20190130,한솔그룹 고문
Q16181683,박덕남,f,19471223,20170224,대한민국의 운동가
Q16181706,박연수,f,19790220,,대한민국의 배우
Q16181825,이재찬,m,19330524,20100818,(1964-2010)
Q16181850,안성준,m,19890830,,대한민국의 바둑 기사
Q16181942,숙신옹주,f,13351019,14530101,
Q16182288,윤연선,f,19400501,,South Korean singer
Q16182428,이존오,m,13620101,,
Q16182619,이하원,m,19620921,20161125,대한민국 희극 배우
Q16182997,조충현,m,19871130,,대한민국의 아나운서
Q16183018,조희준,m,19360214,,대한민국의 언론인
Q16183133,이준,m,19530101,20031004,"대한민국의 기업인, 삼풍그룹 회장, 삼풍백화점 붕괴 사고의 주범"
Q16183634,황혜영,f,19730521,,South Korean singer
Q16183695,황해,m,19240129,20050209,"대한민국의 배우, 가수"
Q16184169,조창수,m,19530305,,대한민국의 야구 선수
Q16184345,후광주원부인,f,09120101,,
Q16184470,이한상,m,19221022,,"대한민국의 기업 출신 종교인, 몽골의 선교사"
Q16184826,이혜정,f,19790629,,South Korean model
Q16184854,이호,m,10500101,,
Q16189313,황철순,m,19550216,,Olympic athlete
Q16192929,닐 샤피로,m,19650917,,전 NBC 뉴스 사장
Q16193195,김지원,m,19640527,,대한민국의 권투 선수
Q16211707,김상만,m,18911011,19940126,대한민국의 언론인
Q16219820,노소영,f,19601203,,대한민국의 미술관장
Q16219888,박찬미,f,19590603,,South Korean basketball player (1965-)
Q16220126,염국보,m,13040101,,
Q16234741,이재성,m,19870730,,대한민국의 축구 선수 (1992년 출생)
Q16261175,김신영,f,19860702,,대한민국의 바둑 기사
Q16261176,김영삼,m,19791120,,대한민국의 바둑 기사
Q16261216,낙랑후,m,10500101,10830420,Prince Nakrang
Q16261253,노경수,m,19300228,,대한민국의 정치학자
Q16261543,박은태,m,19800828,,South Korean actor
Q16261922,안정궁주,f,11270530,,
Q16262161,최태민,m,19560623,19940719,대한민국의 기독교 전도사
Q16262220,허정구,m,19430713,19990923,대한민국의 기업가
Q16262273,현미진,f,19741210,,대한민국의 바둑 기사
Q16262682,의성부원대군,m,08770204,,prince of Goryeo
Q165210,김영삼,m,19281206,20151122,대한민국의 제14대 대통령
Q1656902,성한국,m,19910729,,대한민국의 배드민턴 선수
Q165698,허재,m,19930805,,대한민국의 전 농구 선수 / 농구 감독
Q16586322,박제언,m,19650217,,South Korean Nordic combined skier (born 1993)
Q16630731,고영남,m,19670708,20030917,대한민국의 영화 감독
Q16631014,신정균,m,19261011,,South Korean film director
Q16631360,진형태,m,19350222,,
Q166421,이성자,f,19180603,20090308,Korean painter (1918-2009)
Q16726313,강신경,m,19660718,20190101,
Q16766758,광민,m,19950424,,South Korean singer
Q16767748,유나,f,19971126,,가수
Q168567,신격호,m,19550214,20200119,"대한민국의 기업인, 롯데의 창업주 (1921–2020)"
Q16865202,소율,f,19780314,,대한민국의 가수
Q16875862,한승현,m,19541203,,대한민국의 배우
Q16880402,이양우,m,13300101,14170101,
Q169144,권현상,m,19360502,,대한민국의 배우
Q16929680,김신,m,19530224,,South Korean footballer
Q16978897,이백온,m,13300101,,
Q16978911,이조,m,13300101,,
Q17158067,박문원,m,19091207,19730428,North Korean painter
Q171684,이승만,m,19000615,19650719,"대한민국의 제1·2·3대 대통령, 독립운동가, 교육가 (1875–1965)"
Q17172288,김보옥,f,19520508,,대한민국의 무용가
Q17172386,하호정,f,19731202,,대한민국의 바둑 기사
Q17189506,알레이나 일마즈,f,20100317,,Turkish-Korean actress
Q17238247,유주용,m,19460309,,South Korean singer
Q17278222,궁인 애이주,f,09120101,,
Q17304817,나봉한,m,19021027,,대한민국의 영화 감독
Q17346080,백수련,f,19700220,,South Korean actress
Q17346805,유한진,m,19710410,,South Korean composer
Q17401428,전진영,m,19540326,,South Korean singer
Q17401456,채령,f,19810702,,대한민국의 배우
Q1741525,김국태,m,19030814,20131213,정치인
Q1741601,김연자,f,19910729,,대한민국의 배드민턴 선수
Q17486965,김소현,f,19830328,,대한민국의 뮤지컬 배우
Q17487449,유숙,f,19600406,,South Korean singer
Q17503946,윤삼륙,m,19020323,20200702,대한민국의 영화 감독
Q17504093,장극,m,18990828,20080221,
Q17504204,조현문,m,19351119,,"대한민국의 법조인, 기업인"
Q17682944,김혜림,f,19910216,,대한민국의 바둑 기사
Q17682960,박창명,m,19850607,,대한민국의 바둑 기사
Q17963959,강석현,m,19370508,,대한민국의 배우
Q17964143,임유진,m,19800611,,South Korean actor
Q17964206,조운해,m,19290130,20190301,강북삼성병원 이사장
Q18013379,백서빈,m,19470316,,대한민국의 배우
Q18070620,김수영,f,19631206,,"1964년생, 대한민국의 여자 정치인"
Q18116792,정양모,m,19290414,,South Korean art historian
Q18142600,허웅,m,19650928,,대한민국의 농구 선수
Q181993,김정숙,f,19290306,,조선민주주의인민공화국의 정치인
Q18328683,류찬우,m,19580305,19990101,"대한민국의 기업인, 풍산그룹 창업주"
Q18329053,홍화리,f,19770228,,대한민국의 배우
Q18342477,Park Hyun-ha,f,19880122,,South Korean synchronized swimmer
Q18342480,Park Hyun-sun,f,19890719,,South Korean synchronized swimmer
Q18381120,설경동,m,19220101,19740120,"대한민국의 기업인, 대한전선 창업주"
Q18381259,이두희,m,19900718,,"대한민국의 프로그래머, 사업가"
Q18531275,최성민,m,19990929,,대한민국의 가수
Q18550343,김지수,f,19660825,,대한민국의 텔레비전 각본가
Q18567207,이하얀,f,19640414,,대한민국의 배우
Q18567368,조현준,m,19351119,,"대한민국의 기업인, 효성그룹 사장"
Q18567542,최창원,m,19260109,,
Q18572730,Q18572730,m,19870209,,
Q18605667,이용이,f,19530524,,South Korean actress
Q18605676,이재영,f,19961015,,South Korean volleyball player
Q18605750,정윤회,m,19840101,,"대한민국의 범죄자, 2016년 국정농단사태 주범 최순실씨의 남편"
Q18605825,최신원,m,19260109,,"기업인, SKC 회장"
Q18642273,조현아,f,19490308,,"대한민국의 기업인, 전 대한항공 부사장"
Q18648106,권재희,f,19560924,,대한민국 배우
Q18648443,이석준,m,19730509,,대한민국의 배우
Q18648469,임영규,m,19640919,,대한민국의 배우
Q18648496,조수호,m,19620101,20061126,전 한진해운 회장
Q18648498,조원태,m,19490308,,대한항공 사장
Q18648500,조중훈,m,19490308,20021117,"대한민국의 기업가, 한진그룹 창업주"
Q186500,장면,m,19130408,19660604,"대한민국의 정치가, 제2공화국 前 국무총리"
Q18697706,이다영,f,19961015,,South Korean volleyball player
Q18697707,이수현,f,19960912,,"대한민국의 가수, AKMU의 멤버"
Q18800,타블로,m,19820104,,"대한민국의 래퍼, 에픽하이의 리더"
Q18815396,김지은,f,19920629,,대한민국의 배우 (1988년 출생)
Q18815737,져니,f,19880928,,대한민국의 작곡가이자 가수
Q18914,황순원,m,19380509,20000914,대한민국의 소설가 (1915-2000)
Q18998869,김열,f,19880412,,South Korean actress
Q18999044,나애심,f,19680519,20171220,"대한민국의 가수, 배우"
Q19161727,김정인,m,19940608,,South Korean baseball player
Q19161954,이웅범,m,19890108,,LG화학 사장
Q19162008,전오승,m,19500101,20160703,대한민국의 작곡가
Q192049,윤보선,m,19110421,19900718,"대한민국의 제4대 대통령, 독립운동가, 정치인"
Q192111,윤치호,m,18961225,19451206,"대한제국과 일제감정기 조선의 정치인, 교육자 (1865-1945)"
Q19349259,김선영,f,19770101,,1976년생 대한민국의 배우
Q19349718,임창욱,m,19770813,,대상그룹 명예회장
Q19349740,정우식,m,19550101,,대한민국의 배우
Q19359988,이지승,m,19380315,,"대한민국의 영화 감독이자 교수, 영화 제작자"
Q19407748,공승연,f,19961101,,대한민국의 배우
Q19561180,이은희,f,19760314,,유도 선수
Q19599257,윤양하,m,19730318,,대한민국의 배우 (1940–2021)
Q19603625,전영선,f,19230316,,대한민국의 배우
Q196676,이태규,m,19050510,19921026,대한민국의 이론화학자
Q19794577,김대희,m,19870518,,대한민국의 바둑 기사
Q19794591,김수진,f,19890815,,대한민국의 바둑 기사
Q19854570,정을영,m,19830831,,South Korean television director
Q19939280,강석진,m,19610909,,대한민국의 수학자
Q19939351,공명,m,19960201,,"대한민국의 배우, 1994년"
Q19940963,장성만,m,19670101,20151206,South Korean politician
Q19941054,정상희,m,19380315,19810307,대한민국의 기업인이자 국회의원
Q19941075,정재문,m,19150919,,"대한민국의 정치인, 기업가"
Q19941294,추상록,m,19730509,,대한민국의 영화 감독
Q20010831,신승리,f,19261011,,
Q20010834,유경준,m,19590810,,국민의힘 국회의원
Q20038611,Kōji Iizuka,m,19500410,,
Q20091438,손준호,m,19751111,,대한민국의 뮤지컬 배우
Q20444697,정재은,f,19650519,,South Korean actress
Q20444931,증통국사,m,08770204,,noble Korean.buddhust monk
Q20445256,왕태,m,08770204,,Prince
Q20651852,숙의 지씨,f,,,조선 제2대 왕 정종의 후궁
Q208203,김성수,m,19100119,19550218,"교육자, 정치인, 언론인"
Q20855604,박동희,m,19171114,19670101,
Q20855612,박무희,m,19171114,,박정희의 둘째 형
Q20855638,박귀희,f,19171114,,대한민국의 전 대통령 박정희의 누나
Q20855789,박한생,m,19171114,19280101,
Q20855812,박재희,f,19171114,19960904,박정희의 동생
Q20859562,박재옥,f,19171114,20200708,대한민국의 전 대통령 박정희의 자녀
Q20995,안철수,m,19630317,,"대한민국의 정치인, 의사, 사업가 및 소프트웨어 기업가"
Q21001,문재인,m,19200101,,대한민국의 제19대 대통령 (1953-)
Q21005858,김상범,m,19640101,,대한민국의 영화 편집자
Q21057676,김경록,m,19730422,,
Q21058754,손혜원,f,19230119,,"대한민국의 브랜딩 디자이너, 정치인"
Q21059072,신영자,f,19221004,,대한민국의 기업인. 롯데 창업주의 딸.
Q21059636,왕직,m,08770204,,noble Korean
Q21059881,이민아,f,19930224,,South Korean footballer
Q21060156,전재만,m,19310306,,대한민국의 공무원
Q21060180,정균,m,11060101,,
Q21060511,조슈아 캐럿,m,19881008,,"잉글랜드의 모델, 방송인, 유튜버"
Q21066055,김영남,m,20010824,,South Korean diver
Q21074800,이회성,m,19350602,,South Korean chair of the Intergovernmental Panel on Climate Change
Q21080999,여에스더,f,19670206,,
Q211648,노신영,m,19541027,20191021,대한민국의 정치인 (1930–2019)
Q213079,이정수,m,19831013,,대한민국의 축구 선수
Q21337722,강사욱,m,19270101,,South Korean microbiologist
Q21575797,김소희,f,19880809,,대한민국의 2014년 미스코리아 서울 미(美)
Q2164635,Roman Jackiw,m,19460101,,theoretical physicist
Q21706962,김수진,f,19670103,,대한민국의 방송 진행자
Q21709735,박병규,m,19880912,,대한민국의 바둑 기사
Q21710292,이순정,f,19530313,,South Korean singer
Q21710370,일라이다 일마즈,f,20061114,,child actress
Q21710408,장덕,f,19560221,19900204,"대한민국의 싱어송라이터, 음악가 (1961–1990)"
Q21710417,장연우,f,19650803,,South Korean singer
Q21710482,정유경,f,19430905,,Korean businesswoman
Q21710516,조상선,,19650803,19830101,
Q21710535,조현,m,19650803,,South Korean singer
Q21710537,조휘,m,19650803,,South Korean singer
Q21824806,권효진,f,19571003,,대한민국의 바둑 기사
Q21824996,웨량,m,19820327,,중국의 바둑 기사
Q21825414,함영준,m,19300615,,
Q21825416,함태호,m,19590302,20160912,
Q22100580,문빈,m,19990909,,South Korean singer
Q2233555,강영섭,m,19041207,20120121,조선민주주의인민공화국의 정치인
Q224639,이정희,f,19580919,,South Korean politician
Q22668495,김승찬,m,19650101,,발명가
Q227710,NAM,,19610725,,위키백과 동음이의어 문서
Q22773742,문수아,f,19980126,,
Q22973104,김대용,m,19870518,,대한민국의 바둑 기사
Q22973121,김미경,f,19620226,,
Q22973139,김성래,m,19980314,,대한민국의 바둑 기사
Q22973147,김세실,f,19840806,,대한민국의 바둑 기사
Q22973163,김은선,f,19810709,,대한민국의 바둑 기사
Q22973178,김진훈,m,19920419,,대한민국의 바둑 기사
Q22973181,김채영,f,19980314,,대한민국의 바둑 기사
Q22973900,방주란,f,19670121,,대한민국의 배우
Q22974006,브라더수,m,19930627,,대한민국의 가수
Q22974406,안형준,m,19910916,,대한민국의 바둑 기사
Q22974650,윤재웅,m,19880318,,대한민국의 바둑 기사
Q22974658,윰댕,f,19781031,,대한민국의 인터넷 방송인
Q22974719,이여진,f,19790814,,South Korean announcer
Q22974724,이완자불화,m,13000101,,
Q22974740,이장원,m,19830907,,South Korean singer
Q22975015,진송아,f,19640627,,South Korean actress
Q22975111,최지원,f,19591224,,1961년생 대한민국의 배우
Q2315679,곽경택,m,19681023,,대한민국의 영화 감독
Q232285,최진실,f,19730405,20081002,대한민국의 배우
Q232491,이효리,f,19740825,,"대한민국의 가수, 방송인"
Q233371,태연,f,19980831,,"대한민국의 가수, 걸 그룹 소녀시대의 멤버 및 메인 보컬"
Q236485,한명숙,f,19400101,,대한민국의 정치인
Q2369258,최항,m,11660101,12570524,Third dictator of the Choe Military regime
Q23759211,임대홍,m,19490507,20160405,
Q237673,구혜선,f,19870701,,대한민국의 배우
Q23939885,홍정도,m,19491020,,"대한민국의 기업가, 중앙미디어네트워크 대표"
Q23994986,석동현,m,19600618,,South Korean lawyer
Q23994999,정유라,f,19550101,,대한민국의 승마 선수이자 최순실의 딸
Q24000223,순안왕대비,f,08770204,,Princesse
Q24000224,정화택주,f,11920210,,princess of the Goryeo dynasty of Korea
Q24000291,박종혁,m,19640627,,South Korean film actor
Q24000539,성목장공주,f,09500101,,princess of Goryeo
Q24000552,정태옥,m,19670101,,South Korean politician
Q24000580,성일종,m,19510820,,국민의힘 국회의원
Q24000602,김현권,m,19660101,,South Korean politician
Q24000620,박경미,f,19640101,,South Korean politician
Q24000661,채서진,f,19870103,,대한민국의 배우
Q24000700,박훈,m,19820312,,대한민국 배우
Q24000773,장정숙,f,19230101,,South Korean politician
Q24238917,장하석,m,19631001,,Korean-American historian and philosopher of science
Q24251305,박승철 (의사),m,19120728,20140601,South Korean physician
Q242651,노태우,m,19350311,20211026,대한민국의 제13대 대통령 (1932–2021)
Q24273241,러비,f,19901222,,대한민국의 가수
Q24323646,조백상,m,19290322,,대한민국의 외교관
Q24355800,김필순,m,18890101,19190101,
Q246167,김종필,m,19511227,20180623,대한민국의 제11·31대 국무총리
Q24856057,허훈,m,19650928,,대한민국의 농구 선수
Q24856176,윤지희,f,19850312,,대한민국의 바둑 기사
Q24856209,박세진,m,19951130,,대한민국의 야구 선수
Q24856218,박종찬,m,19640627,,South Korean actor
Q24856417,김홍선,m,19030814,19330701,독립운동가
Q24856446,왕선사,m,11520517,,
Q24857647,조태관,m,19591224,,한국계 캐나다인 배우
Q24858167,박애리,f,19790130,,대한민국의 국악인
Q24859999,효화태자,m,09250101,,Korean Royal Prince
Q24860028,도생승통,m,10500101,11120101,Goryeo Royal Prince
Q24860044,광주원군,m,08770204,09450101,Prince of Koryo
Q24860224,애상군,m,11000101,,prince of Goryeo
Q24860403,가순궁주,f,11810621,,
Q24860408,수명태자,m,08770204,,Prince
Q24860450,시령후,m,11810621,,
Q24860916,왕경지,m,11810621,,
Q24861296,윤득실,m,17980718,,조선 후기의 문신
Q24861439,이진이,f,19631215,,"대한민국의 모델, 배우 (1999년 출생)"
Q24861830,정동현,m,19910719,,South Korean baseball player
Q24862183,효목태자,m,08770204,,Prince
Q249469,정명희,f,19600417,,대한민국의 배드민턴 선수
Q25252530,김다영,f,19631109,,대한민국의 바둑 기사
Q25252795,김현정,f,19810214,,일본의 바둑 기사
Q2530,게르하르트 슈뢰더,m,19700603,,독일의 제7대 연방총리
Q25374501,정연,f,19930227,,대한민국의 가수
Q25559386,김량현,m,19870904,,South Korean singer
Q257425,대한제국 고종,m,19120525,19190121,조선의 26대 임금. 대한제국의 초대 황제
Q2598021,황준묵,m,19360531,,대한민국의 수학자
Q2600733,유상희,f,19631229,,대한민국의 배드민턴 선수
Q262520,한혜진,f,19890124,,대한민국의 배우
Q263732,고용희,f,19870926,20040813,김정일의 네번째 배우자
Q26689987,도영,m,19940526,,대한민국의 보이 그룹 NCT의 멤버
Q26701451,김복선,f,19950509,,badminton player
Q269537,성지현,f,19631119,,대한민국의 배드민턴 선수
Q269742,배두나,f,19520101,,대한민국의 배우
Q26987447,김주나,f,19600101,,가수
Q27058672,강석화,m,19300508,,한국의 역사학자
Q270687,탕웨이,f,19691209,,중국의 배우
Q271067,김경희,f,19460122,,조선민주주의인민공화국의 정치인
Q272236,진은숙,f,19630427,,South Korean composer
Q272329,엄정화,f,19740405,,"대한민국의 배우, 가수"
Q27306309,윤지수,f,19610704,,대한민국의 펜싱 선수
Q27514522,최순실,f,19120825,,"대한민국의 범죄자, 2016년 국정농단사태의 주범"
Q277225,독고영재,m,19290429,,대한민국의 배우이다.
Q27824719,김혜정,f,19670220,,badminton player
Q27906365,김원호,m,19700411,,badminton player
Q27951694,최운주,,19000621,,조선민주주의인민공화국의 조선사회민주당 정치인
Q27952219,이정후,m,19700815,,대한민국의 야구 선수
Q27952967,유종완,m,19911221,,축구 선수(1959-)
Q27953113,왕위군,m,08770204,,Prince
Q27953114,인애군,m,08770204,,Prince
Q27953115,조이군,m,08770204,,
Q27953118,효지태자,m,08770204,,
Q27953124,효제태자,m,08770204,,
Q27953125,효명태자,m,08770204,,
Q27953126,법등군,m,08770204,,prince
Q27953283,김충훈,m,19880216,,대한민국의 록 가수
Q27953288,명주완,m,19310101,19770101,
Q27953616,자리군,m,08770204,,Prince
Q27953845,영창공주,f,11810621,,
Q27953846,정희궁주,f,11810621,,
Q27953990,수흥궁주,f,11920210,,princess of Goryeo
Q27954100,충명국사,m,11810621,,
Q27982975,박경호,m,19670708,,유도 선수
Q28355519,김태호,m,19621023,20020710,대한민국의 정치인
Q28357800,채몽인,m,19360722,19700712,애경그룹 창업주
Q28415860,조혜정,f,19650630,,South Korean actress
Q28502606,김익수,m,19650913,,유도 선수
Q28530017,아이,f,19920905,,South Korean singer
Q28607727,김중수,m,19640127,,badminton player
Q28663892,Han Sung-Chul,m,19770805,,South Korean judoka
Q28698301,효덕태자,m,10000101,,
Q28698539,채형석,m,19360722,,"대한민국의 기업가, 애경그룹 총괄부회장"
Q28698692,이창순,m,19600424,,
Q28698781,남윤호,m,19510320,,South Korean actor
Q28699503,백효주,m,12470101,,
Q28699662,김덕지,m,09510101,,
Q28699722,정지우,m,19681023,,대한민국의 영화 감독
Q28700404,송준평,m,19670117,,대한민국의 축구 선수
Q28920850,김수연,f,19970901,,대한민국의 피겨스케이팅 선수
Q28920856,김형태,m,20010424,,대한민국의 피겨스케이팅 선수
Q28966728,김경애,f,19910310,,컬링 선수
Q290926,정소영,f,19980103,,대한민국의 배드민턴 선수
Q2947463,인재근,f,19470214,,대한민국의 정치인
Q29654372,강주순,m,19250402,,한국계 미국인 외교관
Q296734,문선명,m,19430210,20120902,통일교의 창시자
Q29841145,김광섭,m,19510101,,North Korean diplomat
Q29881198,김정숙,f,19530124,,"대한민국의 영부인으로, 문재인 대통령의 부인"
Q302096,고려 우왕,m,,13900108,고려의 32대 임금
Q30949603,율희,f,19921111,,대한민국의 가수이자 라붐의 전 멤버
Q310971,차두리,m,19530522,,대한민국의 전 축구 선수 출신 축구 지도자
Q311219,홍금보,m,19740701,,홍콩의 배우
Q31176842,심재환,,19691222,,
Q31178499,오영환,m,19880911,,대한민국의 소방공무원 출신 정치인
Q31178662,최재원,m,19601203,,"기업인, SK그룹 수석부회장"
Q31178702,노태강,m,19621120,,
Q31179301,천규덕,m,19600909,20200602,대한민국의 프로 레슬러 씨름선수
Q31179364,장하성,m,19511220,,대한민국의 경영학자
Q31179449,표진인,m,19770210,,South Korean psychiatrist and writer
Q31179630,김재영,f,19870620,,South Korean volleyball player
Q313083,기성용,m,19811027,,대한민국의 축구 선수
Q313350,최규하,m,19160303,20061022,"대한민국의 제10대 대통령, 박정희 대통령 서거 후 권한대행 (1919–2006)"
Q313968,안정환,m,19790424,,"대한민국의 축구선수 출신 축구감독, 해설가, 방송인"
Q315484,박찬욱,m,19650101,,대한민국의 영화 감독
Q3156766,J. P. Testwuide,m,19870205,,American ice hockey player
Q317824,김정남,m,19741230,20170213,조선민주주의인민공화국의 정치인
Q318485,비,m,19800329,,"대한민국의 가수, 배우, 안무가"
Q3196768,김미정,f,19680114,,1971년생 대한민국의 유도 선수
Q32059867,김성혜,f,19360214,20200211,"한세대학교 총장, 조용기 목사의 부인 (1942‐2021)"
Q32538394,허준이,m,19550101,,"한국계 미국인 수학자, 한국 최초 필즈상 수상자"
Q32729,장하준,m,19350119,,South Korean economist
Q33082981,김영세,m,19640615,,대한민국의 교수
Q332998,류승완,m,19800809,,대한민국의 영화 감독
Q333163,김태훈,m,19710415,,South Korean actor
Q3332980,Mélodie Nakachian,f,19540110,,kidnapping victim
Q334111,대한제국 순종,m,18940820,19260425,대한제국의 2대 황제
Q334312,고려 태조,m,09250101,09430709,고려의 초대 임금
Q334504,배용준,m,19851127,,"대한민국의 배우, 사업가"
Q3365409,박성준,m,19440324,,politician
Q3375326,김선화,f,19880906,,handball player
Q3382230,경신공주,f,13351019,,
Q339595,나시모토노미야 모리마사,m,19011104,19510101,Japanese prince
Q346751,차범근,m,19800725,,"대한민국의 축구인, 축구지도자"
Q3484849,신상우,m,19930801,,대한민국의 아이스하키 선수
Q3548661,한태윤,f,19800108,,대한민국의 배우
Q3565110,윤치오,m,18961005,19501222,일제 강점기의 관료
Q356675,한승수,m,19390101,,"대한민국의 정치인, 외교관"
Q3572265,이인성,m,19241021,,대한민국의 작가
Q3615940,오길남,m,19420101,,대한민국의 경제학자
Q3662876,마의태자,m,09510101,,신라 경순왕의 태자
Q368516,전미라,f,19691015,,대한민국의 테니스 선수
Q368852,서태지,m,19780806,,대한민국의 음악가
Q368892,고려 고종,m,11520517,12590728,고려의 23대 임금
Q3700561,유치송,m,19550330,20060602,South Korean politician (1924-2006)
Q3703166,한상진,m,19770114,,South Korean actor
Q3703167,전혜진,f,19790219,,대한민국의 배우 (1988년 출생)
Q3703171,박윤재,m,19790328,,South Korean actor
Q3724024,홍은희,f,19691128,,South Korean actress
Q37682,조선 세종,m,13650719,14500226,조선 제4대 왕(r. 1418 – 1450)
Q378483,조선 태조,m,13560622,14080602,조선의 초대 임금. 대한제국의 추존 황제
Q3786443,진태현,m,19800106,,대한민국의 배우
Q379667,최용건,m,19300101,19760919,North Korean military person and politician (1900-1976)
Q380121,이병헌,m,19820216,,대한민국의 배우
Q3816460,구보타 시게코,f,19320720,20150723,"비디오 아티스트, 백남준의 배우자"
Q384293,신경숙,f,19600904,,대한민국의 소설가
Q385795,김정철,m,19741230,,조선민주주의인민공화국 최고지도자 김정일의 차남
Q390099,육영수,f,19171114,19740815,대한민국의 대통령 부인
Q39040353,이규승,m,19250611,20000101,"간도특설대원, 대한민국의 군인"
Q39040354,박명렬,m,19400105,20031019,
Q39094770,Wang Deshou,m,14000101,,
Q391400,정경화,f,19530122,,Korean violinist
Q391965,조정석,m,19810408,,대한민국의 배우
Q39498825,기모란,f,19330101,,대한민국의 예방의학 전문 의학자
Q402165,안재형,m,19910917,,대한민국의 탁구 선수
Q402179,안성기,m,19600101,,대한민국의 배우
Q4022738,전미선,f,19690406,20190629,배우
Q40403425,위샤오광,m,19790120,,Chinese composer and actor
Q41117,김일성,m,19241229,19940708,조선민주주의인민공화국의 창건자이자 초대 지도자 (1912–1994)
Q4124884,원정식,m,19860804,,대한민국의 역도 선수
Q4132779,김윤석,m,19710101,,"대한민국의 영화 배우, 영화 감독"
Q41520899,문용형,m,19530124,19780101,"일제 강점기, 조선민주주의인민공화국, 대한민국의 관료이자 문재인의 부친"
Q41520985,강한옥,f,19530124,20191028,대한민국의 노동자이자 문재인의 모친
Q42155021,강주은,f,19620327,,한국계 캐나다인 미스코리아
Q42326418,명희준,m,19651015,,연구원
Q42418509,Go Woo-seok,m,19740913,20170821,
Q42418693,Kwak U-ji,m,19170101,,Korean hotel mogul based in Japan
Q4307061,문국진,m,19430210,,Korean-American businessman
Q4307062,문인진,f,19430210,,American unificationist leader
Q43110888,고은채,f,19810614,,South Korean actress
Q43111132,아리,f,19700619,,가수 (1994년 출생)
Q43171806,최무영,m,19550101,,물리학자
Q4330912,김여정,f,19741230,,조선민주주의인민공화국의 지도자인 김정은의 여동생
Q433295,류미영,f,19140917,20161123,조선민주주의인민공화국의 정치인
Q433383,길영아,f,19990602,,대한민국의 배드민턴 선수
Q433389,박승희,f,19930726,,대한민국의 쇼트트랙 선수
Q43762448,두순자,f,19411227,,murderer
Q43763542,Billy Heung Ki Du,m,19411227,,
Q439435,신숙자,f,19420101,20081123,대한민국의 간호사
Q439722,손흥민,m,19620610,,대한민국의 축구 선수
Q44260,하지원,f,19840302,,대한민국의 배우
Q44395499,다케나카 히토시,m,19261025,,Japanese sociologist
Q444047,강량욱,m,19311015,19830109,조선민주주의인민공화국의 정치인
Q445643,이병철,m,19420109,19871119,"대한민국의 기업인, 삼성그룹의 창업주 (1910–1987)"
Q446878,거미,f,19801226,,대한민국의 대중음악인
Q449397,최은희,f,19261011,20180416,대한민국의 배우
Q4502171,김성령,f,19720215,,대한민국의 배우
Q4516989,조혜연,f,19910313,,대한민국의 바둑 기사
Q4532603,허남식,m,19780324,,"제33,34,35대 부산광역시장"
Q456182,문소리,f,19700118,,"대한민국의 배우, 영화 감독"
Q456408,리분희,f,19681125,,table tennis player
Q456609,김옥빈,f,19940430,,대한민국의 배우
Q456828,자오즈민,f,19910917,,table tennis player
Q45785,김대중,m,19220921,20090818,1998년부터 2003년까지 대한민국 대통령
Q461374,송종국,m,19790405,,대한민국의 축구 선수
Q46259,김일엽,f,18960428,19710128,"Korean writer, poet, journalist, Buddhist nun and activist"
Q46316315,김영미,f,19940121,,컬링선수
Q463949,김정숙,f,19410216,19490922,"조선민주주의인민공화국의 정치인, 조선의 독립운동가"
Q464372,김소연,f,19800213,,대한민국의 배우
Q464503,명성황후,f,18520908,18950820,대한제국 고종의 황후
Q464574,김태희,f,19820625,,"대한민국 배우, 모델"
Q464623,정수정,f,19890418,,"대한민국의 가수이자 배우, 걸 그룹 f(x)의 멤버"
Q465263,윤정희,f,19460510,20230119,대한민국의 배우 (1944–2023)
Q466457,허정숙,f,18850101,19910605,"조선민주주의인민공화국의 독립운동가, 여성운동가"
Q466477,나혜석,f,19290620,19481210,대한민국의 예술가
Q467,여성,,19601227,,사람의 성별에 따른 분류
Q468467,정주영,m,19480914,20010321,"대한민국의 기업인, 현대그룹의 창시자 (1915–2001)"
Q468490,장동건,m,19721006,,대한민국의 남배우
Q469387,고려 광종,m,08770204,09750704,고려의 4대 임금
Q469432,흥선대원군,m,18520908,18980201,조선 고종의 아버지
Q470047,윤치영,m,19020421,19960209,대한민국의 정치인
Q47004960,민유숙,f,19591227,,
Q47090316,이기복,m,19950718,,South Korean curler
Q4713069,다니엘 베스,m,19780709,,미국의 배우
Q47354459,홍정은,f,19771003,,screenwriter from South Korea
Q4749844,안병훈,m,19650108,,대한민국의 골프 선수
Q475420,Paul Seidel,m,19690101,,German mathematician
Q4763201,앤지 고프,f,19800317,,Korean-born American broadcast journalist
Q47667470,조은정,f,19771104,,South Korean TV announcer
Q47670274,김시학,m,19640101,,North Korean politician
Q48053717,이기정,m,19950718,,South Korean male curler
Q48159708,서명준,m,19900927,,대한민국의 프리스타일 스키 선수
Q482694,전태일,m,19530101,19701113,대한민국의 노동운동가
Q482738,권양숙,f,19460901,,대한민국의 전 영부인
Q482783,김준수,m,19861215,,South Korean singer from band JYJ
Q482817,조용기,m,19420610,20210914,대한민국의 기독교 목사 (1936–2021)
Q482826,원수연,f,19690101,,South Korean comics artist
Q482887,이종범,m,19980820,,대한민국의 야구 선수
Q482889,윤영선,m,18641226,19880206,대한민국의 정치인
Q482900,윤웅렬,m,18950217,19110922,조선 말기의 무신
Q482917,이건,m,18770330,19901221,일본 제국 육군의 조선 왕자와 기병 장교
Q482991,태양,m,19860205,,대한민국의 음악가 겸 빅뱅의 일원
Q483010,흥친왕,m,18520908,19120909,Korean Joseon prince (1845-1912)
Q483105,하야카와 렌,f,19841006,,Japanese archer
Q483117,이충희,m,19601130,,대한민국의 농구 선수
Q483216,조경철,m,19360928,20100306,"대한민국의 천문학자, 수필가 (1929–2010)"
Q483218,정수근,m,19780304,,South Korean baseball player
Q483255,효령대군,m,13650719,14860101,조선 태종의 둘째 아들
Q483467,진안대군,m,13351019,13930101,조선 초기의 왕자
Q483517,백윤식,m,19780321,,대한민국의 배우
Q483563,지연,f,19870728,,대한민국의 가수이자 배우 (1993년 출생)
Q483621,권상우,m,19800819,,대한민국의 배우
Q483661,김효진,f,19760413,,대한민국의 배우
Q483773,한재석,m,19780103,,South Korean actor
Q483798,백건우,m,19440730,,대한민국의 피아노 연주자
Q483892,이재룡,m,19690124,,대한민국의 배우
Q483953,기태영,m,19810303,,South Korean actor
Q484002,이준,m,18880407,19070714,대한제국의 외교관
Q484027,JOO,f,19941004,,South Korean singer
Q484157,하야카와 나미,f,19870824,,Japanese archer
Q484197,남현희,f,19860101,,대한민국의 펜싱 선수
Q484328,이상우,m,19801102,,South Korean actor
Q484366,민효린,f,19880518,,대한민국의 배우 겸 가수
Q484380,문성근,m,19180602,,"대한민국의 배우, 정치인"
Q484399,이미연,f,19690224,,대한민국의 배우
Q484400,송강호,m,19960729,,대한민국의 영화 배우
Q484522,김지운,m,19561010,,대한민국의 영화 감독
Q484572,홍상수,m,19290101,,영화 감독
Q484840,송일국,m,19450905,,대한민국의 배우
Q484856,박희순,m,19810401,,대한민국의 배우 (1970년 출생)
Q484859,소지섭,m,19940325,,대한민국의 배우
Q484866,의민태자,m,19011104,19700501,대한제국 고종의 황자
Q484886,소연,f,19961117,,대한민국의 가수이자 배우 (1987년 출생)
Q4848967,박일,m,19491107,20190731,대한민국의 성우 겸 배우
Q484960,김무생,m,19721003,20050416,대한민국의 배우 (1940–2005)
Q485059,신해철,m,19680506,20141027,"대한민국의 음악가, 라디오 DJ"
Q485078,김남주,f,19690224,,대한민국의 배우
Q485168,안재욱,m,19800704,,"대한민국의 배우, 가수"
Q485170,이덕화,m,19190720,,대한민국의 배우
Q485218,이기영,m,19361030,19840809,Korean writer
Q485308,이청아,f,19500101,,"대한민국의 배우, 모델"
Q485466,정석원,m,19760325,,대한민국의 배우
Q485504,고려 창왕,m,13650802,13900108,고려의 33대 임금
Q485517,송중기,m,19811122,,대한민국의 배우
Q485556,조선 정종,m,13351019,14191005,조선의 2대 임금
Q485574,김근태,m,19531111,20111230,대한민국의 정치인
Q485578,경순왕,m,09510101,09780513,King of Silla
Q485587,고려 혜종,m,08770204,09451023,고려의 2대 임금
Q485604,덕혜옹주,f,18770330,19890421,대한제국의 마지막 황녀
Q4857706,윤택영,m,18940820,19351024,"조선의 문신, 대한제국의 관료"
Q485905,유재석,m,19810604,,대한민국의 방송인
Q485911,윤상현,m,19790910,,"대한민국의 배우, 가수"
Q486028,이상,m,19160101,19370417,"한국의 시인, 소설가"
Q486074,보람,f,19610316,,South Korean singer and actress
Q486079,김자옥,f,19511220,20141116,대한민국의 배우 (1951–2014)
Q486134,채리나,f,19840121,,South Korean singer
Q486151,채시라,f,19690905,,대한민국의 배우
Q486180,김여진,f,19720101,,대한민국의 배우
Q486241,조재현,m,19890325,,"대한민국의 배우, 성범죄자"
Q486251,양녕대군,m,13650719,14620907,조선 태종의 왕자
Q486303,유길준,m,18561024,19140930,"조선 후기, 대한제국의 정치인, 계몽 사상가, 독립 운동가"
Q486331,한정수,m,19221103,,대한민국의 배우
Q486369,최순호,m,19881013,,South Korean footballer
Q486374,김두한,m,19711001,19721121,"대한민국의 정치가, 건달"
Q486416,백선엽,m,19230218,20200710,"만주국의 간도특설대 장교, 대한민국 육군 장성, 정치인, 외교관, 기업인, 교육인, 사회운동가"
Q48645209,오승윤,m,19051224,20060113,South Korean painter
Q486559,이세돌,m,19750322,,대한민국의 바둑 기사
Q486569,문현진,m,19430210,,Chairman of Global Peace Festival
Q486594,효영,f,19930422,,"대한민국의 가수, 배우, 모델"
Q486599,신동빈,m,19221004,,대한민국의 기업인. 롯데 창업주의 아들
Q486847,유영진,m,19741207,,"대한민국의 작사가, 작곡가 겸 프로듀서"
Q486995,류화영,f,19930422,,대한민국의 배우
Q487020,윤진희,f,19901209,,Korean weightlifter
Q487289,성혜림,f,19410216,20020518,"조선민주주의인민공화국의 배우, 김정일의 배우자"
Q487293,한창화,m,19731111,20060418,대한민국의 전 축구 선수
Q487550,허준,m,15460101,16150101,조선시대의 의학자
Q487728,의친왕,m,19091028,19550815,대한제국 고종의 서자
Q487876,여홍철,m,20020220,,"대한민국의 체조 해설가, 전직 체조 선수"
Q487979,하하,m,19831022,,"대한민국의 가수, 방송인, 배우"
Q488015,조윤희,f,19800726,,대한민국의 배우
Q488025,고현정,f,19680919,,대한민국의 배우
Q488038,윤승아,f,19820522,,대한민국의 배우
Q488106,노민우,m,19941113,,South Korean actor and singer
Q488312,임권택,m,19810702,,대한민국의 영화 감독
Q488446,정몽구,m,19151125,,"대한민국의 기업인, 현대자동차그룹의 회장"
Q488500,조선 익조,m,12500101,,조선 태조의 증조부
Q488600,문희준,m,19910515,,"대한민국의 가수, 배우"
Q488666,조선 목조,m,13000101,12740101,조선 태조의 고조부
Q488670,익안대군,m,13351019,14041005,조선 태조와 신의왕후의 왕자
Q488697,조선 도조,m,13000101,13420724,조선 태조의 할아버지
Q488700,회안대군,m,13351019,14210410,조선 태조와 신의왕후의 왕자
Q488742,최철한,m,19881102,,대한민국의 바둑 기사
Q488866,서향순,f,19630309,,South Korean archer
Q489006,유이,f,19620503,,대한민국의 가수이자 배우
Q489036,차인표,m,19690307,,대한민국의 배우
Q489067,김승우,m,19710923,,대한민국의 배우
Q489091,박예진,f,19700213,,대한민국의 배우 (1981년 출생)
Q489279,김형직,m,19200921,19260605,"일제 강점기 독립 운동가, 김일성의 아버지"
Q489290,김문수,m,19640101,,대한민국의 배드민턴 선수
Q489462,채림,f,19651213,,대한민국의 배우
Q489475,유지태,m,19840210,,대한민국의 배우
Q489575,백지영,f,19850516,,대한민국의 가수
Q489667,손호영,m,19770724,,"South Korean singer, dancer and actor"
Q489681,이선균,m,19760810,,대한민국의 배우
Q489737,이석,m,18770330,,"대한제국 황족 후손, 가수"
Q489874,심은하,f,19650516,,대한민국의 배우
Q489934,김정화,f,19770103,,South Korean actress
Q489952,유진,f,19781209,,대한민국의 가수
Q490001,김좌진,m,19180515,19300124,"대한민국의 군인, 청산리 전투의 지휘관"
Q490114,정몽준,m,19151125,,"대한민국의 기업인, 정치인"
Q490120,설경구,m,19730607,,대한민국의 배우
Q490130,정준호,m,19790312,,대한민국의 배우
Q490170,이지아,f,19720221,,대한민국의 배우
Q490410,하정우,m,19460508,,대한민국의 배우
Q490822,허담,m,19300101,19910511,조선민주주의인민공화국의 정치인
Q490905,이완,m,19800329,,한국 배우
Q490938,양현석,m,19810309,,전 YG엔터테인먼트대표
Q491013,윤여정,f,19450402,,대한민국의 배우
Q491079,기황후,f,12660101,13690101,empress of the Yuan dynasty
Q491095,주상욱,m,19850716,,대한민국의 배우
Q491143,최민수,m,19280225,,대한민국의 배우
Q491240,윤봉길,m,19590503,19321219,일제강점기 조선의 독립운동가 (1908-1932)
Q491363,김주혁,m,19430316,20171030,대한민국의 배우 (1972–2017)
Q491392,연정훈,m,19820202,,대한민국의 배우
Q491397,박솔미,f,19730812,,South Korean actress
Q491419,최진영,m,19681224,20100329,"대한민국의 배우, 가수"
Q491482,이천희,m,19880617,,"대한민국의 배우, 패션 모델"
Q491580,문정혁,m,19910224,,"대한민국의 가수, 배우"
Q49161810,정재원,m,19990602,,South Korean speed skater
Q491750,이해원,f,19091028,20200208,고종의 손녀이자 의친왕의 둘째 딸 (1919–2020)
Q491763,지성,m,19790112,,대한민국의 배우
Q491807,이보영,f,19770227,,"대한민국의 배우, 모델"
Q492243,이희준,m,19840618,,South Korean actor
Q4923774,신정왕후,f,08770204,09830101,고려 태조의 왕후
Q492515,민규동,m,19710101,,영화 감독
Q492582,허영호,m,19910225,,대한민국의 바둑 기사
Q492756,박인천,m,19370810,19840616,"기업가, 금호그룹 창업주"
Q492802,이동훈,m,19860220,,figure skater
Q492997,이동건,m,19821013,,"대한민국의 배우, 전 가수"
Q493021,최수종,m,19691029,,대한민국의 배우
Q493026,송윤아,f,19680501,,"대한민국의 배우, 모델"
Q493090,별,f,19790820,,대한민국의 가수
Q493135,조영남,m,19470619,,South Korean singer
Q493322,이영구,m,19930324,,대한민국의 바둑 기사
Q4934381,김을동,f,19711001,,"대한민국의 정치인, 연기자"
Q493455,전노민,m,19571231,,대한민국의 배우
Q4935832,백인엽,m,19201123,20131214,"대한민국의 육군 장성, 교육행정가"
Q493597,최태준,m,19900218,,대한민국의 배우
Q493659,고려 정종,m,08770204,09490101,고려의 3대 임금
Q493691,김무열,m,19830929,,대한민국의 배우
Q493692,고려 경종,m,09250101,09810818,고려의 5대 임금
Q493702,고려 성종,m,10000101,09970101,고려의 6대 임금
Q493723,고려 목종,m,09551114,10090308,고려의 7대 임금
Q493736,고려 현종,m,09500101,10310623,고려의 8대 임금
Q493769,고려 문종,m,10500101,10830908,고려의 11대 임금
Q493785,고려 순종,m,10500101,10831211,고려의 12대 임금
Q493797,고려 선종,m,11000101,10940623,고려의 13대 임금
Q493812,고려 헌종,m,11000101,10971106,고려의 14대 임금
Q493830,고려 숙종,m,10500101,11051117,고려의 15대 임금
Q493857,윤지민,f,19790523,,대한민국의 배우
Q493874,고려 인종,m,11270530,11460417,고려의 17대 임금
Q493891,윤치창,m,18400417,19730101,일제강점기의 기업가
Q493893,고려 의종,m,11440818,11731114,고려의 18대 임금
Q493913,고려 명종,m,11270530,12021203,고려의 19대 임금
Q493930,고려 신종,m,11270530,12040222,고려의 20대 임금
Q493946,고려 희종,m,11440818,12370831,고려의 21대 임금
Q493978,고려 원종,m,11920210,12740730,고려의 24대 임금
Q493995,최덕신,m,19210214,19891114,대한민국과 조선민주주의인민공화국의 정치인
Q494074,고려 공민왕,m,13650802,13741104,고려의 제31대 임금
Q494097,이서진,m,19410101,,대한민국의 배우
Q494135,고려 정종,m,11000101,10460630,고려의 10대 임금
Q494190,장나라,f,19760807,,"대한민국의 배우, 가수"
Q494222,성민,m,19850408,,"대한민국의 가수, 배우"
Q494290,신중현,m,19600101,,대한민국의 록 음악 싱어송라이터 및 기타리스트
Q494412,이건희,m,19100212,20201025,"대한민국의 기업인, 삼성그룹 전 회장"
Q494851,은지원,m,19260101,,"대한민국의 가수, 래퍼"
Q494856,원빈,m,19790222,,대한민국의 배우
Q495000,박규리,f,19480210,,"대한민국의 배우, 전 가수"
Q495069,한선화,f,19941224,,"대한민국의 가수,배우 (1990년 출생)"
Q495407,유준상,m,19800217,,대한민국의 배우
Q495480,김책,m,19240827,19510131,조선민주주의인민공화국의 정치인
Q495636,김부식,m,10610101,11510101,고려의 역사가
Q495668,문태종,m,19780210,,American basketball player
Q495748,신상옥,m,19261120,20060411,대한민국의 영화 제작자
Q496004,장성택,m,19330407,20131212,"북한의 정치가, 군인"
Q496092,노진규,m,19891019,20160403,South Korean short track speed skater (1992-2016)
Q496170,박산다라,f,19901007,,대한민국의 가수
Q496205,여운형,m,19270801,19470719,한국의 정치인
Q496237,윤미래,f,19740729,,미국 출신의 대한민국 여자 가수
Q496310,윤치왕,m,18400417,19821221,"일제 강점기의 의사, 독립운동가"
Q496356,고소영,f,19720307,,대한민국의 배우
Q496384,이민정,f,19700712,,대한민국의 배우
Q496413,박하선,f,19790905,,대한민국의 배우
Q496421,이구,m,19011104,20050716,대한제국의 황족
Q496439,한가인,f,19781106,,대한민국의 배우
Q496466,이나영,f,19771110,,대한민국의 배우
Q496491,김수현,m,19600101,,대한민국의 1988년생 남배우
Q496509,이회창,m,19050510,,대한민국의 정치인
Q496572,김윤옥,f,19411219,,대한민국의 영부인
Q496627,이철승,m,19560724,20160227,"대한민국의 학생운동가, 정치인"
Q496634,윤영렬,m,18980210,19390101,"일제강점기의 군인, 정치가"
Q4968085,이보익,f,18710819,19591018,paternal grandmother of Kim Il-sung
Q496842,견미리,f,19901122,,대한민국의 배우이자 가수
Q496868,엄태웅,m,19690817,,한국 배우
Q497174,한학자,f,19200225,,세계평화통일가정연합의 총재
Q4971884,박찬숙 (농구 선수),f,19650522,,Olympic medalist in basketball
Q497270,홍성흔,m,20050221,,대한민국의 야구 선수
Q497392,정숙왕후,f,13000101,,조선 익조의 왕비
Q497404,신태용,m,20010604,,대한민국의 전 축구 선수·현 축구 감독
Q497413,효공왕후,f,13000101,13000101,조선 목조의 왕비
Q497438,완창대군,m,13000101,,Korean nobleman
Q497473,조선 환조,m,13351019,13610508,조선 태조의 아버지
Q497507,의혜왕후,f,13351019,,조선 환조의 왕비
Q497693,공효석,m,19810929,,South Korean bicycle racer
Q497785,박신혜,f,19910707,,대한민국의 배우
Q498053,이기영,m,19610107,,South Korean actor
Q498210,이진,m,19011104,19220511,(1921-1922)
Q498243,노선영,f,19920720,,대한민국의 스피드 스케이팅 선수
Q498343,팝핀현준,m,19770910,,"South Korean dancer, singer and rapper"
Q498707,무안대군,m,13351019,13981014,조선 태조의 일곱째 왕자
Q498713,덕안대군,m,13351019,,조선 태조와 신의왕후의 왕자
Q498905,강성훈,m,19820429,,"대한민국의 전 가수, 사기범"
Q4991757,김응우,m,18710819,18781004,김일성의 증조부
Q4991767,김철주,m,19200921,19350614,"조선민주주의인민공화국의 독립운동가, 김일성 주석의 동생"
Q4991786,김형권,m,18710819,19360112,조선의 독립운동가
Q4991838,이동원,m,19610101,20061118,"대한민국의 정치인, 관료"
Q49967735,정재웅,m,20010621,,South Korean speed skater
Q50420882,조유민,m,19871005,,대한민국의 축구 선수
Q5045600,정상영,m,19620101,20210130,"대한민국의 기업가, KCC 회장 (1936–2021)"
Q50603,박지성,m,19850814,,대한민국의 전 축구 선수·현 축구 행정가
Q50641143,Tomoko Kaneda,f,19370416,,Japanese enka singer
Q5071636,장기려,m,19350920,19951225,South Korean physician
Q50973131,명정강,f,19381104,20180323,"대한민국의 드럼 연주자, 배우"
Q51024,이우,m,19091028,19450807,대한왕자(1912~1945)
Q51029,이방자,f,18971020,19890430,의민태자의 부인
Q5103936,최민환,m,19971127,,대한민국의 가수 겸 배우.
Q5103939,최무룡,m,19620327,19991111,"대한민국의 배우, 감독"
Q5116286,정의선,m,19380319,,대한민국의 기업가
Q51331,권선화,f,19741127,,미국의 드라마 로스트의 등장인물이다.
Q517090,엄혜원,f,19890822,,대한민국의 배드민턴 선수
Q51884596,박상훈,m,19701207,,대한민국의 촬영 감독
Q51954789,조현민,f,19490308,,대한민국에서 활동하는 한국계 미국인 기업인
Q5354467,장성우,m,19460122,20090824,North Korean politician
Q5360259,일라이,m,19871205,,Korean musician
Q53679453,Kim Thaek-se,m,19280204,,김영남의 아버지
Q5371053,헌의왕후,f,09551114,,고려 경종의 왕후
Q54348,윤종신,m,19780206,,"대한민국의 음악가, 방송인"
Q54868073,고경택,m,19520626,19990101,김정은의 조부
Q54981984,오소영,f,19520101,,대한민국의 조각가
Q55616008,Kim Song-hui,m,19681229,,North Korean table tennis player
Q55727984,김교창,m,19680222,,대한민국의 변호사
Q55728067,김만호,m,19910415,,physician
Q55728172,김성훈,m,19690319,20191123,대한민국의 야구 선수
Q55728317,김재호,m,19390101,,대한민국의 언론인
Q55728630,남궁근,m,19800904,,제10대 서울과학기술대학교 총장을 역임한 대한민국의 행정학자
Q55728779,노엘 (가수),m,19670101,,"대한민국의 래퍼, 범죄자"
Q55728795,노태악,m,19600101,,대한민국의 법조인
Q55730170,방용훈,m,19221126,20210218,대한민국의 기업가 (1952–2021)
Q55730897,서진호,f,19660927,,South Korean actress
Q55733169,이명희,f,19490308,,전 일우재단 이사장
Q55733398,이재철,m,19490101,19991217,전 교통부차관
Q55733700,임종헌 (법조인),m,19560101,,
Q55734052,정기선,,19511007,,대한민국의 기업인
Q55735777,한대현,m,19100101,,대한민국의 법조인
Q55735806,한성수,m,19410101,19880506,대한민국의 법조인
Q55736005,현빈 심씨,f,13820101,,의안대군의 부인
Q55736105,홍지영,f,19700912,,Korean director
Q55736106,홍지윤,f,19880727,,대한민국의 배우 (1991년 출생)
Q55930927,Bae Jin-Ha,m,19740909,20070308,"Sep 9th, 1974 - Mar 8th, 2007, Gender: Male, Real name: Bae Jin-Ha, Country of origin: Korea, South , Associated acts: Barkhouse"
Q56226,김정은,m,19741230,,"조선 제3대 최고지도자, 조선로동당 제3대 총비서"
Q56236767,여서정,f,19710528,,대한민국의 체조 선수
Q56256518,김삼석,m,19640101,,Pro-North Korean spy
Q562683,문형진,m,19430210,,South Korean unificationist leader
Q562837,손완호,m,19910729,,대한민국의 배드민턴 선수
Q56402658,최예나,f,19951207,,1999년 출생의 대한민국 가수
Q56432609,조동혁,m,19290130,,한솔그룹 명예회장
Q56432838,조동만,m,19290130,,"기업가, 한솔아이글로브 회장"
Q56432855,조범석,m,19250805,,일제강점기의 금융인
Q56433189,조동길,m,19290130,,"기업가, 한솔그룹 회장"
Q56433211,안영주,f,19551130,,금융인 안영모의 자녀
Q56433228,한경록,m,19500101,,법조인 한상호의 자녀
Q56433230,조나영,f,19551130,,기업가 조동길의 자녀
Q56433373,손복남,f,19310620,,일제강점기 관료 손영기의 자녀
Q56433792,김상준,m,18960101,,"대한민국의 기업인, 삼양염업 명예회장"
Q56434163,고광석,f,18911011,,구한말 학자 고정주의 자녀
Q56434241,김태령,f,19390101,,일민미술관 관장
Q56434316,김남,m,18911011,,윤보선 대통령의 비서
Q56434331,김상석,m,18911011,,인촌 김성수의 자녀
Q56434339,윤성선,f,18980210,,숙명여자대학교 교수
Q56434552,윤활란,f,18540415,19671206,대한제국 군인 운영렬의 자녀
Q56434585,손진실,f,18990101,,독립운동가 손정도의 자녀
Q56434653,손명원,m,19090505,,"기업인, 전 쌍용자동차 사장"
Q56434662,손정희,f,19700413,,전시기획자
Q56434882,김영애,f,19180814,,모건스탠리 부사장
Q56434915,김영숙,f,19180814,,정치인 김동조의 자녀
Q56434940,김영자,f,19180814,,정치인 김동조의 자녀
Q56434961,허광수,m,19500620,,"대한민국의 기업가, 삼양인터내셔널 회장"
Q56434988,김민영,m,19180814,,한국외국어대학교 교수
Q56435674,정봉식,m,19151125,,기업가 정주영의 아버지
Q56435719,정경희,f,19151125,,기업가 정주영의 자녀
Q56435849,정은희,f,19340101,,기업가 정몽필의 자녀
Q56435874,박문순,f,19450101,,성곡미술관 관장
Q56435884,김지용,m,19450101,,전 용평리조트 상무
Q56435896,정유희,f,19340101,,기업가 정몽필의 자녀
Q56441583,정명이,f,19600411,,현대카드 브랜드부문장
Q56441616,정도원,m,19721020,,삼표그룹 회장
Q5646626,한강,f,19391013,,대한민국의 작가
Q5648797,한나 브랜트,f,19921218,,American ice hockey player
Q56516033,윤용호,m,19690307,,대한민국의 조정 선수
Q56516034,윤남호,m,19650710,,대한민국의 조정 선수
Q56526044,김병건,m,19100119,,전 동아일보 부사장
Q56526069,이지원,f,19341205,,정치인 이한동의 자녀
Q56526124,허유정,f,19740101,,기업가 허광수의 자녀
Q56526162,윤순명,f,18961225,,오당 윤영선의 자녀
Q56526265,이주연,f,19780101,,수원대 총장 이인수의 자녀
Q56612204,이혜경,f,19950616,,김정남의 배우자
Q56651387,조명희,m,19150101,19710101,"기업가 조중훈의 아버지, 직물도매상"
Q56651392,조중열,m,18950101,,"대한민국의 기업가, 전 한일개발 회장"
Q56651402,박태원,m,19280101,,"KAIST 이사장, 인하대 총장"
Q56651406,조도원,f,18950101,,중헌거사(重軒居士) 조명희의 자녀
Q56651409,조중건,m,18950101,,"대한민국의 기업가, 전 대한항공 부회장"
Q56651414,이상실,m,19370101,,전 상공은행장
Q56651426,이영학,f,19320101,,이상실 전 상공은행장의 자녀
Q56651436,이병호,m,19490101,,"대한민국의 관료, 정치인"
Q56651440,이숙희,f,19160101,,이병호(李丙虎) 전 상공부장관의 자녀
Q56651443,조지호,m,19150101,,한양대 경영학 교수
Q56651459,문재관,m,19390101,,전 제일은행 이사
Q56651460,문영호,m,19460101,,대한민국의 의료인
Q56651465,조인숙,f,19150101,,기업가 조중열의 자녀
Q56651484,조건호,m,19150101,,전 리먼브라더스 부회장
Q56651501,조병규,m,18950101,19090101,구한말 중추원 의관
Q56651529,이태희,m,19450101,,"대한민국의 법조인, 전 법무법인 광장 대표"
Q56651533,조현숙,f,19400101,,한진그룹 창업주 조중훈의 자녀
Q56651569,김태호,m,19270604,,전 충북대 교수
Q56651577,김미연,f,19760125,,전 중앙정보부장 김재춘의 손녀
Q56651587,김원규,m,19510101,19680101,"대한민국의 교육자, 전 교육감"
Q56651591,김영혜,f,19510101,,교육자 김원규의 자녀
Q56651602,신진수,m,19221004,,롯데그룹 창업주 신격호의 아버지
Q56651606,신정숙,f,19340101,,롯데그룹 신격호의 여동생
Q56651613,최현열,m,19370101,,"대한민국의 기업가, 전 NK그룹 회장"
Q56651616,최은정,f,19370101,,기업가 최현열의 자녀
Q56651618,정몽익,m,19371207,,"대한민국의 기업인, KCC 대표이사"
Q56651624,최은영,f,19540621,,"대한민국의 기업가, 유수홀딩스 대표이사"
Q56654997,이경아,f,19360930,,전 검찰총장 이종남의 자녀
Q56655008,조진호,m,19320101,,교수
Q56655692,이정훈,m,19260908,,교수
Q56655703,조윤정,f,19320101,,조중건 전 대한항공 부회장의 자녀
Q56660170,조주연,f,19670101,,조중건 전 대한항공 부회장의 자녀
Q56691094,조규만,m,19710113,,대한민국의 음악가
Q56691163,한승우 (가수),m,19901006,,"South Korean singer, rapper, dancer, model and composer."
Q56697751,최학배,m,19291121,19621002,"상인, 대성상회 대표"
Q56697773,최윤원,m,19260109,20000831,"기업가, 전 SK 케미칼 회장"
Q56697812,최종분,f,19291121,,상인 최학배의 자녀
Q56697977,이한용,m,19320101,,"기업인, 전 신아포장 대표"
Q56698231,이인환,m,19320101,,"기업가, 에프투텔레콤 회장"
Q56698261,박계희,f,19601203,,전 워커힐미술관장
Q56698591,김정숙,f,19000101,,교사 김영한의 자녀
Q56701923,신명수,m,19690101,20140101,"기업인, 신동방그룹 총수"
Q56701926,신정화,f,19651103,,기업인 신명수의 자녀
Q56701967,최양분,f,19291121,,상인 최학배의 자녀
Q56701970,표현구,m,19530101,,"학자, 전 서울대 농대 학장"
Q56701982,최종욱,m,19291121,,"기업가, SKM 회장"
Q56702004,최종관,m,19291121,,전 SK그룹 부회장
Q56702008,최경원,f,19500904,,기업가 최종관의 자녀
Q56702017,최정원,f,19260109,,신우인더스트리 사내이사
Q56702025,최예정,f,19260109,,기업가 최종건의 자녀
Q56803750,신덕균,m,19410101,,"기업인, 전 동방유량 회장"
Q56803806,신영수,m,19410101,,교수
Q56803821,신성수,m,19410101,,"기업가, 고려산업 회장"
Q56803895,송길자,f,19410101,,전 재무장관 송인상의 자녀
Q56803925,송인상,m,19420101,,대한민국의 전 재무장관
Q56803991,송광자,f,19351119,,경운박물관 관장
Q56804102,송원자,f,19360224,,재무장관 송인상의 자녀
Q56804206,이필석,m,19360224,,대한민국의 기업인
Q56804266,이혜영,f,19360224,,전 상공부장관 이봉서의 자녀
Q56804332,이정연,m,19350602,,정치인 이회창의 자녀
Q56804500,이용균,m,19020126,,조선후기의 한학자
Q56804591,한인옥,f,19350602,,법조인 한성수의 자녀
Q56804639,이연희,f,19350602,,정치인 이회창의 자녀
Q56804650,최기선,m,19620101,,대한민국의 기업가
Q56804661,최명석,m,19640101,,대한민국의 법조인
Q56804679,김재희,m,19160623,,조선 후기의 부농
Q56804778,김사순,f,19350602,,조선후기 부농 김재희의 자녀
Q56804986,조현상,m,19351119,,"대한민국의 기업인, 효성 부사장"
Q56805103,이희상,m,19710101,,"대한민국의 기업가, 운산그룹 회장"
Q56805128,이윤혜,f,19550101,,기업가 이희상의 자녀
Q56805325,신기철,m,19430101,,교수 신영수의 자녀
Q56805362,이유경,f,19470101,,기업인 이희상의 자녀
Q56805419,이미경,f,19680116,,기업가 이희상의 자녀
Q56805535,조양래,m,19351119,,"대한민국의 기업가, 한국타이어 회장"
Q56805596,조욱래,m,19351119,,"대한민국의 기업가, 효성기계 회장"
Q56805765,홍금식,m,19410101,,대한민국의 법조인
Q56805801,홍문자,f,19370101,,법조인 홍금식의 자녀
Q56805915,조현식,m,19370101,,"대한민국의 기업인, 한국타이어 지주부문 사장"
Q56805962,조현범,m,19370101,,"대한민국의 기업인, 한국타이어 타이어부문 사장"
Q56806003,이수연,f,19470326,,이명박 전 대통령의 자녀
Q56812282,김종대,m,19550101,20030216,"대한민국의 기업인, 전 효성기계 회장"
Q56812296,김정환,m,19210302,,기업가 김종대의 아버지
Q56812299,김영자,f,19410101,,상인 김정환의 자녀
Q56812321,이여진,f,19690307,,기업가 이부식의 자녀
Q56812340,김유영,f,19710101,,바이올리니스트
Q56812348,조희경,f,19370101,,기업가 조양래의 자녀
Q56812368,설원식,m,19010319,,"대한민국의 기업가, 전 대한방직 회장"
Q56812371,설원량,m,19010319,,"대한민국의 기업인, 전 대한전선 회장"
Q56812378,설원봉,m,19010319,,"대한민국의 기업가, 전 대한제당 대표"
Q56812387,설윤석,m,19420101,,"대한민국의 기업인, 전 대한전선 사장"
Q56812390,임송본,m,19300101,19830101,전 한국은행 수석부총재
Q56812396,임희숙,f,19220101,,한국은행 부총재 임송본의 자녀
Q56812411,설범,m,19220101,,"대한민국의 기업인, 대한방직 회장"
Q56812420,설원철,m,19010319,,"대한민국의 기업인, 전 대한방직 고문"
Q56812422,김보경,f,19131111,,대한민국의 언론인
Q56812546,양태진,m,19210913,,"대한민국의 기업가, 국제그룹 창업주"
Q56812605,양귀애,f,19210913,,"대한민국의 기업가, 대한전선 명예회장"
Q56812740,설윤성,m,19420101,,"대한민국의 기업가, 토터스자산운용 대표"
Q56812818,박용학,m,19490101,20140802,대한민국의 기업인
Q56812948,박선영,f,19480101,,기업가 박용학의 자녀
Q56813013,설윤호,m,19480101,,"대한민국의 기업가, 대한제당 부회장"
Q56813047,설명옥,f,19010319,,인송 설경동의 자녀
Q56813111,차동완,m,19770829,,대한민국의 교수
Q56813153,설영자,f,19010319,,인송 설경동의 자녀
Q56813237,차진영,f,19700101,,교수 차동완의 자녀
Q56813602,김은주,f,19490101,,기업가 김종대의 자녀
Q56813718,조윤경,f,19490101,,기업가 조욱래의 자녀
Q56813876,홍석융,m,19780902,,신라저축은행 전무
Q56815966,이봉학,m,19250611,,대한노인회장 이규동의 아버지
Q56818408,김경준 (1964년),m,19320101,,North Korean politician
Q56818863,김현주,f,19731130,,골프 선수
Q56825013,인보길,m,19730101,,
Q56825320,홍라영,f,19170317,,전 삼성미술관 리움 총괄부관장
Q56825321,홍석규,m,19170317,,"대한민국의 기업인, 보광그룹 회장"
Q56825326,홍석준,m,19170317,,"대한민국의 기업인, 보광창업투자 회장"
Q56827418,서광효,m,18640107,18841219,조선말기의 동복군수
Q56827444,Q56827444,m,19240221,,교수 서희원의 아버지
Q56827483,서동희,f,19240221,,교수 서희원의 자녀
Q56827501,장윤성,m,19470101,,전 이테크건설 임원
Q56827588,서동범,m,19240221,,"대한민국의 기업가, 서양네트웍스 대표"
Q56827643,최순천,f,19120825,,종교인 최태민의 자녀
Q56827778,서동만,m,19240221,,송재교육재단 이사장
Q56830924,서애덕,f,19580101,,에스플러스 인터네셔널 이사
Q56830932,서현덕,m,19580101,,서양네트웍스 이사
Q56831965,이영주,m,19170101,,대한민국의 무역업자
Q56832144,이회림,m,19440101,,전 동양제철화학그룹 회장
Q56832175,이회삼,m,19170101,,"대한민국의 기업가, 전 유니온 회장"
Q56832490,이건영,m,19190101,,"대한민국의 기업가, 유니온 회장"
Q56832633,이우선,m,19440101,,유니온 상무
Q56832838,이화영,m,19440101,,"대한민국의 기업가, 유니드 사장"
Q56833187,홍순일,m,19140101,,만주국 관리
Q56833272,홍소자,f,19361228,,대한적십자 부총재
Q56833518,한상준,m,19361228,,"대한민국의 기업인, 유니드 부사장"
Q56833651,이희현,f,19510101,,기업가 이화영의 자녀
Q56839624,김호남,f,19171114,19910101,박정희의 배우자
Q56839651,한태준,m,19310608,,설악케이블카 대주주
Q56839654,한태현,m,19310608,,설악케이블카 회장
Q56839658,한유진,f,19310608,,기업가 한병기의 자녀
Q56839676,박영우,m,19610101,,"대한민국의 기업가, 대유그룹 회장"
Q56839723,류청,m,19540630,,"대한민국의 기업인, 풍산그룹 회장"
Q56839751,노혜경,f,19300228,,전 국무총리 노신영의 자녀
Q56839801,정숙영,f,19620114,,기업가 정세영의 자녀
Q56839869,노철수,m,19300228,,대한민국의 기업인
Q56884240,이재응,m,19710130,20050808,전 안흥상호신용금고 대표
Q56884247,이용진,m,19410101,,"대한민국의 기업가, 디지털컨셉 이사"
Q56884250,이보형,m,19410101,,전 제일은행장
Q56884259,이재원,m,19120101,,"대한민국의 기업가, LG원락스 회장"
Q57019606,김시구,m,19330101,19830101,"대한민국의 기업인, 전 고려화성 대표"
Q57020182,김춘,f,19630101,,기업가 김시구의 자녀
Q57020545,김봉조,m,19330101,,"대한민국의 기업가, 지에스엠 대표"
Q57023836,김희철,m,19150817,,벽산그룹 회장
Q57024213,허영자,f,19430713,,기업가 허정구의 자녀
Q57024507,김성식,m,19370101,,"대한민국의 기업가, (주)벽산 대표이사"
Q57024936,김희용,m,19150817,,"대한민국의 기업가, 동양물산 회장"
Q57025666,박설자,f,19470126,,독립운동가 박상희의 자녀
Q57027438,은희만,m,19780608,,가수 은지원의 아버지
Q57027600,김금자,f,19780608,,대한민국의 가수
Q57156908,노판석,m,19460901,19760101,대통령 노무현의 아버지
Q57167441,이경선,m,18750326,19131205,이승만의 아버지
Q57169979,매튜 다우마,m,20010309,,"캐나다의 배우, 사진기자"
Q57171362,정유경,f,19280606,,
Q57263361,채구석,m,19170210,19200101,조선 후기 제주판관
Q57263501,장회근,m,19360722,,문학가
Q57263543,장윤옥,m,19550101,,"대한민국의 공무원, 전 감사원5국장"
Q57263585,장성돈,m,19520101,,"대한민국의 기업인, 전 애경유지 사장"
Q57263759,장위돈,m,19680101,,"대한민국의 교수, 박정희 정권 특별보좌관"
Q57265988,채은정,f,19360722,,"대한민국의 기업가, 애경산업 부사장"
Q57266024,안용찬,m,19630101,,"대한민국의 기업인, 애경그룹 부회장"
Q57266067,안리나,f,19630101,,기업가 안용찬의 자녀
Q57266144,허창성,m,19490101,,"대한민국의 기업가, 삼립식품 창업주"
Q57266167,허영인,m,19170101,,"대한민국의 기업가, SPC 회장"
Q57266190,허희수,m,19860101,,"대한민국의 기업가, 전 SPC 부사장"
Q57266300,채동석,m,19360722,,"대한민국의 기업가, 애경그룹 부회장"
Q57267525,이병문,m,19640101,,"대한민국의 군인, 기업가, 아세아그룹 회장"
Q57267582,이정은,f,19640101,,기업가 이병문의 자녀
Q57267659,안상호,m,19590101,,"대한민국의 기업인, 플로코리아 대표"
Q57267805,이동녕,m,19390329,19920222,"대한민국의 기업가, 봉명그룹 창업주"
Q57267861,이세무,m,19050121,,"대한민국의 기업인, 전 동창제지 대표"
Q57267924,이병무,m,19050121,,"대한민국의 기업가, 아세아그룹 회장"
Q57268048,이정자,f,19410101,,기업가 이회림의 자녀
Q57268120,이승무,m,19050121,,"대한민국의 정치인, 기업가, 전 봉명산업 대표"
Q57268181,이윤무,m,19050121,,"대한민국의 기업가, 아세아그룹 부회장"
Q57312654,김운식,m,19240106,19740210,일제강점기 소작쟁의운동가
Q57312662,차보륜,m,19270428,19620101,전라남도의 재력가
Q57312677,장점순,f,19270428,19830101,대통령 김대중의 장모
Q5731547,허장강,m,19640414,19720921,"대한민국의 연극 배우, 영화 배우, 영화 기획가"
Q578141,김자인,f,19880210,,South Korean rock climber
Q58097409,백명현,f,19480101,,"chemist, ORCID id # 0000-0001-8325-752X"
Q58476377,임미애,f,19640517,,South Korean politician
Q58862215,이예림 (1994년),f,19600801,,South Korean actress (1994-)
Q58900826,안설희,f,19620226,,"대한민국의 여자 과학자, 안철수의 딸"
Q5894111,홍정욱,m,19340801,,대한민국의 前 국회의원
Q59299044,지성한,m,19650516,,"대한민국의 기업가, 한성실업 회장"
Q59382180,차중광,m,19780727,20200827,대한민국의 가수 겸 뮤지컬 배우 (1945–2020)
Q5959724,김동화,m,19580619,,대한민국의 만화가
Q59749624,차국린,m,19580717,,researcher ORCID ID = 0000-0001-6060-5448
Q60467659,신재원 (축구 선수),m,20010604,,대한민국의 축구 선수
Q60500537,Q60500537,m,19901026,,
Q60608380,윤은채,,19820222,,
Q60728861,최영찬,m,19630506,,대한민국의 바둑 기사
Q60828153,Lee Won-Jae,m,19820819,,South Korean taekwondo practitioner
Q60829936,채령,f,20000111,,대한민국의 가수
Q61090964,만종,m,11660101,,
Q61100567,손용우,m,19550123,19990223,
Q61101096,문재린,m,19180602,19851229,
Q6153255,저우자웨,f,19740701,,홍콩의 배우
Q6153892,장준환,m,19740702,,대한민국의 영화 감독
Q61655609,김경희,f,19650101,,South Korean volleyball player
Q61715236,휴닝카이,m,20040727,,South Korean-American singer
Q61716898,홍난실,f,19601025,,
Q61827783,우디 (가수),m,19900323,,South Korean singer and songwriter
Q61959822,김보민,f,20080506,,2010년생 대한민국의 배우
Q62018095,설민경,f,19870728,,South Korean tennis player
Q6204338,조관우,m,19450606,,대한민국의 가수
Q6204475,조통달,m,19650803,,대한민국의 가수
Q623495,윤일선,m,18690805,19870622,University chancellor (1896-1987)
Q623521,김성근,m,19700211,,"대한민국의 야구 선수, 야구 감독"
Q623627,류수영,m,19871022,,South Korean actor
Q623803,김민우,m,19850220,20071004,figure skater (1986-2007)
Q623856,최명길,f,19530917,,South Korean actress
Q62396988,유명희 (공무원),f,19611127,,South Korea bureaucrat
Q624109,이재용,m,19420109,,대한민국의 기업인
Q624135,유동근,m,19651027,,대한민국의 배우.
Q624195,전인화,f,19560618,,대한민국의 배우.
Q624253,손명순,f,19271220,,Wife of South Korean President Kim Young-sam
Q624351,황신혜,f,19990126,,대한민국의 배우
Q624392,허헌,m,19020716,19510816,조선민주주의인민공화국의 정치인
Q624394,김해란,f,19840627,,South Korean volleyball player
Q624401,이재진,m,19890227,,FT아일랜드
Q624466,의천,m,10500101,11010101,Korean philosopher
Q624491,홍명희,m,19410101,19680305,Korean novelist (1888-1968)
Q624531,손학규,m,19790421,,"대한민국의 아나운서 출신 정치인, 대학교수"
Q624651,정몽헌,m,19151125,20030804,"대한민국의 기업인, 범현대가 정주영의 아들 (1948–2003)"
Q624795,이종찬,m,19610101,,South Korean politician (born 1936)
Q624924,박미선,f,19630805,,"대한민국의 방송인, 희극 배우"
Q625089,윤동주,m,19171230,19450216,"일제강점기의 시인, 독립운동가"
Q625096,이기붕,m,19060101,19600428,대한민국의 정치가 (1896–1960)
Q625212,금난새,m,19190722,,South Korea music conductor
Q625257,홍석현,m,19450715,,"대한민국의 외교관, 언론인"
Q625291,추상미,f,19410904,,대한민국의 배우
Q625389,공덕귀,f,18970826,19971124,대한민국의 4대 대통령 영부인
Q625489,이채영,f,19831218,,대한민국의 배우
Q625534,천호진,m,19320101,,대한민국의 배우
Q625555,최재성,m,19740112,,대한민국의 배우
Q625650,김옥숙,f,19321204,,노태우 전 대통령의 배우자
Q625739,성혜랑,f,19600402,,조선민주주의인민공화국의 작가
Q625766,하희라,f,19620101,,대한민국의 배우
Q625786,황병기,m,19631027,20180131,대한민국의 음악가
Q625821,김용식,m,19390101,19950331,대한민국의 전 외교부 장관
Q625870,신애라,f,19671014,,대한민국의 배우
Q626073,조성민,m,19681224,20130106,대한민국의 야구 선수
Q626074,남궁도,m,19840329,,South Korean footballer
Q626113,조양호,m,19760125,20190408,"대한민국의 기업가, 대한항공 회장"
Q626273,이만희,m,19621125,19750413,대한민국의 영화 감독
Q626438,문익환,m,19530528,19940118,"대한민국의 종교인, 사회운동가 (1918–1994)"
Q626461,의안대군,m,13351019,13980903,조선 태조의 왕자
Q626466,경순왕후,f,13000101,,조선 도조의 왕비
Q626491,정명화,f,19530122,,한국의 첼리스트
Q626615,박성웅,m,19740103,,대한민국의 배우
Q626644,김상협,m,18960101,19950221,대한민국의 제16대 국무총리
Q626819,공옥진,f,19940118,20120709,South Korean pansori singer
Q626991,이재진,m,19810309,,"대한민국의 남자 가수, 래퍼"
Q63017331,이상이,f,19701015,,대한민국의 여자 배우 (1981년 출생)
Q6312637,정경호,m,19430127,,대한민국의 배우 (1983년 출생)
Q6312662,정순옥,f,19570913,,대한민국의 배구 선수
Q6362185,강효실,f,19620327,19961102,대한민국의 배우
Q6362187,강일구,m,19720906,,South Korean handball player
Q6362253,강문규,m,19880424,,South Korean Olympic field hockey player
Q6362264,강문권,m,19880424,,South Korean Olympic field hockey player
Q63943139,서율,f,19921230,,가수
Q63964279,송정웅,,19711001,,
Q63964711,정승연 (판사),f,19711001,,
Q6408371,김보연,f,19660828,,South Korean actress
Q6408412,김병주,m,19710329,,유도 선수
Q6408543,김담민,f,19921129,,South Korean speed skater
Q6408647,김기동,m,20021211,,축구 선수
Q6408665,김구라,m,19981110,,"대한민국의 개그맨, 방송인"
Q6408770,김혜민,f,19860205,,대한민국의 피겨 스케이팅 선수
Q6408801,김형주,m,19790310,,유도 선수
Q6408844,김재호,m,19631206,,대한민국의 법조인
Q6408879,김지미,f,19241111,,대한민국의 배우
Q6408910,김진규,m,19290410,19980618,"대한민국의 배우, 감독"
Q6409055,김계령,f,19510101,,대한민국의 농구 선수
Q6409334,언양군 김선,m,09510101,,
Q6409364,김승호,m,19470323,19681201,대한민국의 배우
Q6409680,김영숙,f,19930311,,South Korean Olympic field hockey player
Q6409686,김영길 (공학자),m,19331015,,American academic
Q6420543,전태수,m,19780628,20180121,South Korean actor (1984-2018)
Q6424117,고창석,m,19730101,,대한민국의 배우
Q6425991,채유정,f,19600101,,대한민국의 배드민턴 선수
Q6430820,박소현,f,19880521,,대한민국의 성우
Q6450322,권갑용,m,19820327,,대한민국의 바둑 기사 (1957–2023)
Q65030840,박기호,m,19930311,,South Korean cross-country skier
Q6513549,이의근,m,19420317,20090421,"대한민국의 관료 겸 정치인, 제26·27·28대 경상북도 도지사 (1938–2009)"
Q6513744,이광훈,m,19950911,,South Korean footballer
Q6514303,이기백,m,19531209,20040602,대한민국의 역사가
Q6515011,이승준,m,19800127,,basketball player
Q6515185,이선빈,f,19870625,,피겨 스케이팅 선수
Q65238835,김원중,m,19900930,,대한민국의 모델
Q65291611,정창영,m,19830802,,South Korean basketball player
Q65296762,최동오,m,19140917,19630916,"독립운동가, 조선민주주의인민공화국의 정치인"
Q65296920,최인국,m,19140917,,월북자
Q65581103,김세연,f,19630318,,
Q65923702,장용철,m,19390113,,North Korean diplomat
Q6617014,조오련,m,19850106,20090804,대한민국의 수영 선수
Q6617244,남진,m,19460309,,South Korean singer
Q66250552,엘라 제이 바스코,f,20060917,,미국 배우
Q66362758,I'll,m,19860529,,대한민국의 음악가
Q6652976,황인영,f,19710110,,대한민국의 배우
Q6656667,문원대왕,m,08770204,,prince Munwon of Goryeo
Q6668980,진중권,m,19610714,,대한민국의 평론가
Q6673667,민무휼,m,13650719,,
Q6678012,삼축당 김씨,f,18520908,19700923,
Q6679200,김지영,f,19810329,,대한민국의 배우 (1974년)
Q6685856,정다빈,f,19961227,,"대한민국의 배우, 2000년생"
Q6694102,차예련,f,19780718,,South Korean actress
Q6699528,귀인 정씨,f,18520908,19430101,대한제국 고종의 후궁
Q6699643,귀인 장씨,f,18520908,,
Q6699953,정덕왕후,f,08770204,,고려 태조의 왕후
Q6702881,성비 원씨,f,13351019,,
Q6711063,소유진,f,19660904,,대한민국의 배우
Q6711159,소이현,f,19800829,,대한민국의 여배우
Q6721098,장경왕후,f,11270530,,고려 의종의 왕후
Q6721175,장선왕후,f,11270530,,고려 의종의 왕후
Q6721226,장화왕후,f,08770204,09010101,고려 태조의 왕후
Q6732223,의화왕후,f,09120101,,고려 혜종의 왕후
Q6743224,신명순성왕후,f,08770204,,고려 태조의 왕후
Q6743293,신의왕후,f,13351019,13911001,조선 태조의 왕비
Q6745643,Mami Kumagai,f,19480424,,Japanese actress
Q6747187,백설희,f,19540326,20100505,"대한민국의 가수, 배우"
Q6747264,백도빈,m,19470316,,대한민국의 배우
Q6776261,임성한,f,19720101,,South Korean screenwriter
Q6776454,임지은,f,19720418,,South Korean actress
Q6779816,귀인 이씨,f,18520908,19281217,대한제국 고종의 후궁
Q6781730,이민영,f,19761109,,대한민국의 배우
Q6781815,이혜영,f,19311006,,대한민국의 배우 (1962년 출생)
Q6781992,이은성,f,19720221,,대한민국의 배우
Q6783126,이유비,f,19640919,,대한민국의 배우
Q6783577,박시은,f,19810215,,대한민국의 배우 (1980년 출생)
Q6784089,박근형,m,19780110,,대한민국의 배우
Q6784157,박성빈,m,19171114,19380101,박정희 전 대통령의 아버지
Q6791544,방일영,m,19480206,20030808,조선일보 2대 회장
Q6793344,문정왕후,f,10500101,,고려 예종의 왕후
Q6793594,문성왕후,f,09230101,,고려 정종의 왕후
Q6793625,문덕왕후,f,09250101,,고려 성종의 왕후
Q6793849,경화왕후,f,11000101,11090729,고려 예종의 왕후
Q6796230,메이비,f,19730921,,"대한민국의 가수, 작사가"
Q6800759,사평왕후,f,11520517,,고려 강종의 왕후
Q6811459,최란,f,19591107,,대한민국의 배우
Q68123169,곽지영,f,19870331,,South Korean model
Q6819620,선의왕후,f,08770204,,고려 대종의 왕후
Q6820869,송선미,f,19720101,,대한민국의 배우
Q6821131,낙랑공주 (고려),f,08770204,,princess of Goryeo
Q6822380,손태영,f,19760805,,대한민국의 배우
Q6823793,위숙왕후,f,08770204,,고려 세조의 왕후
Q6824264,강부자,f,19380426,,대한민국의 배우
Q6824297,강건,m,19210101,19500908,조선민주주의인민공화국의 군인
Q68477360,기관,m,12660101,,
Q68477415,이씨,f,12660101,,
Q6849693,변정수,f,19760521,,South Korean actress
Q6853641,전혜진,f,19750302,,대한민국의 배우 (1976년 출생)
Q6862536,민혜숙,f,19701206,,South Korean handball player
Q6874759,김미루,f,19480101,,American artist
Q6930436,문공왕후,f,09230101,,고려 정종의 왕후
Q69515209,의근,,19381107,,명
Q6956410,나경원,f,19630101,,대한민국의 정치인
Q6956451,나성범,m,19880105,,대한민국의 야구 선수
Q6958033,Nadya Hutagalung,f,19661214,,"Indonesian-Australian model, actor, and VJ"
Q6961101,남궁원,m,19700413,,대한민국의 배우
Q69697020,김시아,f,20101001,,대한민국의 배우 (2008년)
Q69697161,박민정,f,19810427,,대한민국의 배우 (1982년 출생)
Q699503,고려 안종,m,08770204,09960101,고려 태조의 왕자
Q699513,고려 대종,m,08770204,09690101,고려 태조의 왕자
Q702565,김성애,f,19540810,20140923,김일성의 둘째 아내
Q704280,고려 강종,m,11920210,12130902,고려의 22대 임금
Q704283,최우,m,11490101,12490101,Korean general (1166-1249)
Q704568,고려 세조,m,08770204,08970101,고려 태조의 아버지
Q705212,김옥,f,19410216,,김정일의 다섯째 부인
Q705218,김설송,f,19470101,,김정일의 자녀
Q7083270,김상수,m,19920202,,South Korean baseball player (born 1990)
Q709491,헌애왕후,f,09551114,10290120,고려 경종의 왕후
Q709498,헌정왕후,f,09551114,09920806,고려 경종의 왕후
Q709975,강반석,f,19200921,19320731,일제 강점기의 사회운동가
Q710805,김평일,m,19241229,,조선민주주의인민공화국의 외교관
Q710937,와다 아키코,f,19500410,,일본의 여가수
Q712012,최충헌,m,11660101,12190101,고려의 정치인
Q7137742,박곡지,f,19620101,,대한민국의 영상 편집자
Q7137773,박흥식,m,19650228,,대한민국의 영화 감독 (1962-)
Q7137830,박지아,f,19440425,,South Korean actress
Q7137834,박진수,m,19900624,,South Korean association football player
Q7137845,박정은,f,19771209,,대한민국의 농구 선수
Q7137915,박노식,m,19640627,19950403,대한민국의 배우
Q714481,김영숙,f,19741230,,김정일의 배우자
Q714509,최룡해,m,19070408,,Chairman of the Presidium of the Supreme People's Assembly of North Korea
Q714658,리설주,f,19820108,,김정은의 배우자
Q7189091,고려 의조,m,09000101,,고려 태조의 할아버지
Q7189945,피천득,m,19460101,20070525,대한민국의 시인 겸 소설가 (1910–2007)
Q7204311,김지호,f,19700505,,대한민국의 배우
Q7204839,김지숙,f,19640527,,대한민국 배우 (1956년 출생)
Q7214169,여흥부대부인,f,18520908,18980101,Grand Internal Princess Consort of Joseon
Q7214248,순헌황귀비,f,18971020,19110720,Emperor Gojong's consort of the Korean Empire
Q7216705,신성왕후,f,08770204,,고려 태조의 왕후
Q7218065,신은정,f,19730109,,South Korean actress
Q7219738,헌숙왕후,f,09551114,,고려 경종의 왕후
Q72291512,정경심,f,19650406,,
Q7242942,완친왕,m,18770330,18800101,대한제국 고종과 귀인 이씨의 서자
Q7253672,남성진,m,19740907,,대한민국의 배우
Q7276140,조동찬,m,19810322,,South Korean baseball player
Q72808355,정정수,m,19860316,,"대한민국의 화가, 조경가"
Q72808477,정경훈,m,19530113,,
Q7336146,김동조,m,19540619,20041209,대한민국의 정치인
Q7336236,대목왕후,f,08770204,,고려 광종의 왕후
Q73403,홍톈자오,m,19740701,,Hong Kong actor
Q7385296,최영이,m,19780412,,Japanese professional wrestler
Q7385485,류승범,m,19731215,,대한민국의 남자 배우
Q74499817,문준용,m,19530124,,한국의 미디어아티스트 (1982-).
Q74500749,문다혜,f,19530124,,
Q7451472,서정화,f,19920615,,Korean freestyle skier
Q7451482,서승아,f,19860429,,대한민국의 배우
Q7451534,석주명,m,19110917,19501006,한국의 곤충학자
Q7496795,심이영,f,19760110,,South Korean actress
Q7497224,강신성일,m,19360320,20181104,"대한민국의 배우, 전 국회의원"
Q7606143,스테판 재키,m,19460101,,American violinist
Q7610874,스티브 린턴,m,19261207,,American humanitarian
Q76630085,Kim Hyong-rok,m,18710819,,uncle of Kim Il-sung
Q7663563,한채아,f,19861020,,대한민국의 배우
Q76650924,김경진,f,19241229,,daughter of Kim Il-sung
Q76655805,Kim Sun-kum,f,19540810,,North Korean former opera singer
Q76656577,Kim In-kang,f,19540810,,daughter of Kim Pyong-il
Q76657224,Kim Un-song,m,19540810,,son of Kim Pyong-il
Q76657833,Kim Jung-min,m,19510101,,son of Kim Kwang-sop
Q76658133,Kim Tong-min,m,19510101,,son of Kim Kwang-sop
Q76659518,김솔희,f,19710510,,daughter of Kim Jong-nam. Elle est en vie aujourd'hui.  Elle est jaune car elle est coréenne
Q76979706,신정희,f,19710510,,first wife of Kim Jong-nam
Q76980166,김금솔,m,19710510,,son of Kim Jong-nam
Q76981023,서영라,f,19710510,,third wife of Kim Jong-nam
Q76981881,Kim Hyun-kyung,f,19710510,,daughter of Kim Jong-nam
Q77552543,Ko Yong-suk,f,19520626,,sister of Ko Yong-hee
Q77554529,Jang Kum-song,f,19460122,20060801,daughter of Jang Sung-taek
Q77555945,Jang Kim-song,m,19460122,,son of Jang Sung-taek
Q77561335,Kim Chun-song,f,19470101,,daughter of Kim Jong-il
Q77571491,Kim Chun-san,m,19171224,19290101,father of Kim Jong-suk
Q77838791,Kim Won-chu,f,19370124,,maternal grandmother of Kim Jong-il
Q77840844,Ri Pyong,m,18960506,,ex-wife of Song Hye-rim
Q77841131,Ri Ok-dol,f,19370124,,half-sister of Kim Jong-nam
Q77841796,이종혁,m,18960506,,North Korean politician
Q77843446,장용환,m,19460122,,father of Jang Sung-taek
Q77846980,Jang Kye-sun,f,19460122,,sister of Jang Sung-taek
Q77847863,Jang Myong-hui,f,19390113,,wife of Jang Song-gil
Q7847850,백남의,f,19171114,19490812,박정희의 어머니
Q7847945,박상희,m,19171114,19461006,한국의 독립운동가
Q7848255,박근령,f,19171114,,대한민국의 정치인
Q7848332,박지만,m,19171114,,
Q7848947,박영옥,f,19260107,20150221,김종필의 부인
Q7849102,박준홍,m,19450101,,대한민국의 정치인
Q7849225,김예리,f,19260107,,대한민국의 사업가
Q7880974,엄앵란,f,19370508,,대한민국의 배우
Q7881979,문은진,f,19430210,,Equestrian and daughter of Sun Myung Moon
Q79404428,함연지,f,19590302,,South Korean actress
Q79404610,김용범,m,19740702,,
Q7952260,서향희,f,19581215,,South Korean lawyer
Q79611370,차세찌,m,19800725,,
Q79903739,안윤관,,18921223,19501226,
Q79903775,김희구,m,19271114,19450317,
Q79904634,김일범,m,19760821,,
Q79926136,정민섭,m,19720322,19871025,South Korean composer
Q79926901,양미란,f,19720322,19800101,singer
Q8012922,안경공,m,11920210,,member of the royal family of Goryeo
Q8031686,원병오,m,18880408,20200409,South Korean zoologist
Q8032064,이원익,m,19620928,,South Korean martial artist
Q8053456,이홍,f,19410803,,대한민국의 모델
Q8059932,유인촌,m,19841215,,"대한민국의 배우, 연출가, 정치인"
Q8061180,윤치성,m,18540415,19360811,대한제국과 일제 강점기의 군인
Q81226735,조기홍,,18830724,19450802,
Q8287842,최현,m,19500115,19820409,North Korean general (1907-1982)
Q83158281,최원호,m,11490101,,
Q83434603,Q83434603,m,12110101,,
Q83945397,곽신애,f,19660523,,대한민국의 영화 제작자
Q84008061,곽소민,f,20001208,,등장인물
Q84040,최태원,m,19291121,,대한민국의 기업인
Q840719,김만일,m,19540810,19470101,son of Kim Il-sung
Q841146,나운규,m,19340415,19370809,"대한민국의 독립운동가, 영화인"
Q842800,다니 루미코,f,19680823,,Japanese singer
Q843300,아라이 다카히로,m,19830816,,일본의 前 야구선수
Q85010226,한춘근,m,19841204,,South Korean musician
Q85011677,홍지희,f,19910303,,대한민국의 배우
Q8512697,안원대군,m,13000101,,
Q8512704,안창대군,m,13000101,,
Q8512711,안천대군,m,13000101,,
Q8512720,안풍대군,m,13000101,,
Q8512727,안흥대군,m,13000101,,
Q8512736,완성대군,m,13000101,,
Q8512743,완원대군,m,13000101,,
Q8512750,완천대군,m,13000101,,
Q8512758,완풍대군,m,13351019,13881023,
Q8512766,의안대군,m,13351019,14081006,"조선 초의 왕족, 무신, 문신"
Q8512773,함녕대군,m,13000101,,
Q8512781,함릉대군,m,13000101,,
Q8512788,함성대군,m,13000101,,
Q8512794,함양대군,m,13000101,,
Q8512801,함원대군,m,13000101,,
Q8512807,함창대군,m,13000101,,
Q8512813,함천대군,m,13000101,,
Q8512820,안의공주,f,13000101,,princess of Joseon
Q85360203,정기석,m,19580101,,대한민국의 의사
Q85632402,홍미란,f,19740507,,screenwriter from South Korea
Q85981736,심용현,m,19561224,19860401,
Q85984426,임광웅,m,19841122,,
Q85985252,조용승,m,19550101,,Ph.D. The University of Chicago 1987
Q87685800,차국헌,m,19590101,,researcher (ORCID 0000-0002-7938-8022)
Q87943248,백은옥,f,19550101,,Ph.D. Stanford University 1991
Q87981909,제원호,m,19580708,,South Korean physicist
Q88683078,지영미,f,19610101,,researcher
Q89128249,임덕상,m,19280101,19821118,현대 대수기하학의 세계적 연구자이자 아이비리그 첫 한국인 수학교수.
Q8924428,변정민,f,19740415,,South Korean actress
Q8970414,Jimmy Hung,m,19740701,,Taiwanese singer
Q900563,이지호,m,19730608,,American filmmaker
Q9210578,이현재,m,19890126,,South Korean actor
Q92684865,노순화,f,19221004,19510101,Wife of Shin Kyuk-ho
Q92686670,시게미츠 하츠코,f,19550214,,신격호의 사실혼 부인
Q92688346,신유미,f,19221004,,Daughter of Shin kyuk-ho and Seo Mi-kyung. She naturalized to Japan
Q9285855,한수지,f,19870208,,South Korean volleyball player
Q9326975,나혜미,f,19790216,,대한민국의 배우
Q93752810,서범수,m,19520109,,국민의힘 국회의원
Q94187,유호정,f,19640924,,대한민국의 배우
Q94429593,안영민,m,19330101,,대한민국의 통일운동가
Q9448583,가오쯔치,m,19790328,,중화인민공화국의 배우
Q96257927,Choe Song,m,19870926,,Choe Ryong-hae's son
Q96276527,Q96276527,m,19820108,,first born of Kim Jong-un
Q96276542,"child, name unknown",,19870926,,Kim Yo-jong's first child
Q96427168,Anaïs Bordier,f,19871119,,French designer
Q97198138,유재길,m,19600125,,
Q97206273,이민형,m,19930725,,대한민국의 리그 오브 레전드 프로게이머
Q97338699,강혜경,f,19510320,,
Q97338773,손원평,f,19471122,,대한민국의 소설가 겸 영화 감독
Q97339166,신지후,,19751128,,South Korean baseball player (2001-)
Q98389209,박경숙,f,19180623,20200831,North Korean politician
Q99767258,김문옥,m,19460927,19660707,South Korean politician
